Symbol,Yahoo,Name,Url
ACU,ACU,Acme United Corp ,https://www.advfn.com/stock-market/AMEX/ACU/stock-price
ATNM,ATNM,Actinium Pharmaceuticals Inc ,https://www.advfn.com/stock-market/AMEX/ATNM/stock-price
AE,AE,Adams Resources and Energy Inc ,https://www.advfn.com/stock-market/AMEX/AE/stock-price
ADRA,ADRA,Adara Acquisition Corp ,https://www.advfn.com/stock-market/AMEX/ADRA/stock-price
ADRA.WS,ADRA-WS,Adara Acquisition Corp ,https://www.advfn.com/stock-market/AMEX/ADRA.WS/stock-price
ADRA.U,ADRA-U,Adara Acquisition Corp ,https://www.advfn.com/stock-market/AMEX/ADRA.U/stock-price
ADEX.WS,ADEX-WS,Adit EdTech Acquisition Corp ,https://www.advfn.com/stock-market/AMEX/ADEX.WS/stock-price
ADEX.U,ADEX-U,Adit EdTech Acquisition Corp ,https://www.advfn.com/stock-market/AMEX/ADEX.U/stock-price
ADEX,ADEX,Adit EdTech Acquisition Corp ,https://www.advfn.com/stock-market/AMEX/ADEX/stock-price
UAVS,UAVS,AgEagle Aerial Systems Inc ,https://www.advfn.com/stock-market/AMEX/UAVS/stock-price
AGE,AGE,AgeX Therapeutics Inc ,https://www.advfn.com/stock-market/AMEX/AGE/stock-price
AIM,AIM,AIM ImmunoTech Inc ,https://www.advfn.com/stock-market/AMEX/AIM/stock-price
AIRI,AIRI,Air Industries Group ,https://www.advfn.com/stock-market/AMEX/AIRI/stock-price
MIMO.WS.B,MIMO-WS-B,Airspan Networks Holdings Inc ,https://www.advfn.com/stock-market/AMEX/MIMO.WS.B/stock-price
MIMO,MIMO,Airspan Networks Holdings Inc ,https://www.advfn.com/stock-market/AMEX/MIMO/stock-price
MIMO.WS.A,MIMO-WS-A,Airspan Networks Holdings Inc ,https://www.advfn.com/stock-market/AMEX/MIMO.WS.A/stock-price
MIMO.WS,MIMO-WS,Airspan Networks Holdings Inc ,https://www.advfn.com/stock-market/AMEX/MIMO.WS/stock-price
EAD,EAD,Allspring Income Opportunities Fund ,https://www.advfn.com/stock-market/AMEX/EAD/stock-price
ERC,ERC,Allspring Multi Sector Income Fund ,https://www.advfn.com/stock-market/AMEX/ERC/stock-price
ERH,ERH,Allspring Utilities and High Income Fund ,https://www.advfn.com/stock-market/AMEX/ERH/stock-price
AAU,AAU,Almaden Minerals Ltd New ,https://www.advfn.com/stock-market/AMEX/AAU/stock-price
BOXX,BOXX,Alpha Architect 1to3 Month Box ETF ,https://www.advfn.com/stock-market/AMEX/BOXX/stock-price
APT,APT,Alpha Pro Tech Ltd ,https://www.advfn.com/stock-market/AMEX/APT/stock-price
AAMC,AAMC,Altisource Asset Management Corporation ,https://www.advfn.com/stock-market/AMEX/AAMC/stock-price
AMBI.WS,AMBI-WS,Ambipar Emergency Response ,https://www.advfn.com/stock-market/AMEX/AMBI.WS/stock-price
AMBI,AMBI,Ambipar Emergency Response ,https://www.advfn.com/stock-market/AMEX/AMBI/stock-price
AMBO,AMBO,Ambow Education Holding Ltd ,https://www.advfn.com/stock-market/AMEX/AMBO/stock-price
DIT,DIT,AMCON Distributing Co ,https://www.advfn.com/stock-market/AMEX/DIT/stock-price
AMS,AMS,American Shared Hospital Services ,https://www.advfn.com/stock-market/AMEX/AMS/stock-price
USAS,USAS,Americas Gold and Silver Corporation ,https://www.advfn.com/stock-market/AMEX/USAS/stock-price
AP.WS,AP-WS,Ampco Pittsburgh Corp ,https://www.advfn.com/stock-market/AMEX/AP.WS/stock-price
AMPE,AMPE,Ampio Pharmaceuticals Inc ,https://www.advfn.com/stock-market/AMEX/AMPE/stock-price
AREN,AREN,Arena Group Holdings Inc ,https://www.advfn.com/stock-market/AMEX/AREN/stock-price
ARMP,ARMP,Armata Pharmaceuticals Inc ,https://www.advfn.com/stock-market/AMEX/ARMP/stock-price
ASXC,ASXC,Asensus Surgical Inc ,https://www.advfn.com/stock-market/AMEX/ASXC/stock-price
AINC,AINC,Ashford Holding Company ,https://www.advfn.com/stock-market/AMEX/AINC/stock-price
ACAQ.WS,ACAQ-WS,Athena Consumer Acquisition Corp ,https://www.advfn.com/stock-market/AMEX/ACAQ.WS/stock-price
ACAQ.U,ACAQ-U,Athena Consumer Acquisition Corp ,https://www.advfn.com/stock-market/AMEX/ACAQ.U/stock-price
ACAQ,ACAQ,Athena Consumer Acquisition Corp ,https://www.advfn.com/stock-market/AMEX/ACAQ/stock-price
AULT-D,AULT-D,Ault Alliance Inc ,https://www.advfn.com/stock-market/AMEX/AULT-D/stock-price
AULT,AULT,Ault Alliance Inc ,https://www.advfn.com/stock-market/AMEX/AULT/stock-price
ADRT,ADRT,Ault Disruptive Technologies Corporation ,https://www.advfn.com/stock-market/AMEX/ADRT/stock-price
ADRT.U,ADRT-U,Ault Disruptive Technologies Corporation ,https://www.advfn.com/stock-market/AMEX/ADRT.U/stock-price
AUST,AUST,Austin Gold Corp ,https://www.advfn.com/stock-market/AMEX/AUST/stock-price
AWX,AWX,Avalon Holdngs Corp ,https://www.advfn.com/stock-market/AMEX/AWX/stock-price
ASM,ASM,Avino Silver and Gold Mines Ltd ,https://www.advfn.com/stock-market/AMEX/ASM/stock-price
BTG,BTG,B2Gold Corp ,https://www.advfn.com/stock-market/AMEX/BTG/stock-price
BCV-A,BCV-A,Bancroft Fund Ltd ,https://www.advfn.com/stock-market/AMEX/BCV-A/stock-price
BCV,BCV,Bancroft Fund Ltd ,https://www.advfn.com/stock-market/AMEX/BCV/stock-price
BHB,BHB,Bar Harbor Bankshares ,https://www.advfn.com/stock-market/AMEX/BHB/stock-price
BRN,BRN,Barnwell Industries Inc ,https://www.advfn.com/stock-market/AMEX/BRN/stock-price
BATL,BATL,Battalion Oil Corporation ,https://www.advfn.com/stock-market/AMEX/BATL/stock-price
OZ,OZ,Belpointe PREP LLC ,https://www.advfn.com/stock-market/AMEX/OZ/stock-price
BTTR,BTTR,Better Choice Company Inc ,https://www.advfn.com/stock-market/AMEX/BTTR/stock-price
PHGE.WS,PHGE-WS,BiomX Inc ,https://www.advfn.com/stock-market/AMEX/PHGE.WS/stock-price
PHGE.U,PHGE-U,BiomX Inc ,https://www.advfn.com/stock-market/AMEX/PHGE.U/stock-price
PHGE,PHGE,BiomX Inc ,https://www.advfn.com/stock-market/AMEX/PHGE/stock-price
BGI,BGI,Birks Group Inc ,https://www.advfn.com/stock-market/AMEX/BGI/stock-price
BITE.WS,BITE-WS,Bite Acquisition Corp ,https://www.advfn.com/stock-market/AMEX/BITE.WS/stock-price
BITE,BITE,Bite Acquisition Corp ,https://www.advfn.com/stock-market/AMEX/BITE/stock-price
BITE.U,BITE-U,Bite Acquisition Corp ,https://www.advfn.com/stock-market/AMEX/BITE.U/stock-price
BKTI,BKTI,BK Technologies Corporation ,https://www.advfn.com/stock-market/AMEX/BKTI/stock-price
BRBS,BRBS,Blue Ridge Bancshares Inc ,https://www.advfn.com/stock-market/AMEX/BRBS/stock-price
BHM,BHM,Bluerock Homes Trust Inc ,https://www.advfn.com/stock-market/AMEX/BHM/stock-price
BMTX,BMTX,BM Technologies Inc ,https://www.advfn.com/stock-market/AMEX/BMTX/stock-price
BMTX.WS,BMTX-WS,BM Technologies Inc ,https://www.advfn.com/stock-market/AMEX/BMTX.WS/stock-price
DMF,DMF,BNY Mellon Municipal Income Inc ,https://www.advfn.com/stock-market/AMEX/DMF/stock-price
CMCL,CMCL,Caledonia Mining Corporation Plc ,https://www.advfn.com/stock-market/AMEX/CMCL/stock-price
CEI,CEI,Camber Energy Inc ,https://www.advfn.com/stock-market/AMEX/CEI/stock-price
CANF,CANF,Can Fite BioPharma Ltd ,https://www.advfn.com/stock-market/AMEX/CANF/stock-price
CTM,CTM,Castellum Inc ,https://www.advfn.com/stock-market/AMEX/CTM/stock-price
CBOE,CBOE,Cboe Global Markets Inc ,https://www.advfn.com/stock-market/AMEX/CBOE/stock-price
CVM,CVM,Cel Sci Corporation New ,https://www.advfn.com/stock-market/AMEX/CVM/stock-price
CET,CET,Central Securities Corp ,https://www.advfn.com/stock-market/AMEX/CET/stock-price
LEU,LEU,Centrus Energy Corporation ,https://www.advfn.com/stock-market/AMEX/LEU/stock-price
CCF,CCF,Chase Corp ,https://www.advfn.com/stock-market/AMEX/CCF/stock-price
LNG,LNG,Cheniere Energy Inc ,https://www.advfn.com/stock-market/AMEX/LNG/stock-price
CQP,CQP,Cheniere Energy Partners LP ,https://www.advfn.com/stock-market/AMEX/CQP/stock-price
CVR,CVR,Chicago Rivet and Machine Co ,https://www.advfn.com/stock-market/AMEX/CVR/stock-price
CPHI,CPHI,China Pharma Holdings Inc ,https://www.advfn.com/stock-market/AMEX/CPHI/stock-price
CKX,CKX,CKX Lands Inc ,https://www.advfn.com/stock-market/AMEX/CKX/stock-price
GLV,GLV,Clough Global Dividend and Income Fund ,https://www.advfn.com/stock-market/AMEX/GLV/stock-price
GLQ,GLQ,Clough Global Equity Fund ,https://www.advfn.com/stock-market/AMEX/GLQ/stock-price
GLO,GLO,Clough Global Opportunities Fund ,https://www.advfn.com/stock-market/AMEX/GLO/stock-price
COHN,COHN,Cohen & Company Inc ,https://www.advfn.com/stock-market/AMEX/COHN/stock-price
CIX,CIX,CompX International Inc ,https://www.advfn.com/stock-market/AMEX/CIX/stock-price
LODE,LODE,Comstock Inc ,https://www.advfn.com/stock-market/AMEX/LODE/stock-price
CTGO,CTGO,Contango Ore Inc ,https://www.advfn.com/stock-market/AMEX/CTGO/stock-price
CMT,CMT,Core Molding Technologies Inc ,https://www.advfn.com/stock-market/AMEX/CMT/stock-price
CLM,CLM,Cornerstone Strategic Value Fund New ,https://www.advfn.com/stock-market/AMEX/CLM/stock-price
CRF,CRF,Cornerstone Total Return Fund New ,https://www.advfn.com/stock-market/AMEX/CRF/stock-price
CVU,CVU,CPI Aerostructures Inc ,https://www.advfn.com/stock-market/AMEX/CVU/stock-price
CIK,CIK,Credit Suisse Asset Management Fund Inc ,https://www.advfn.com/stock-market/AMEX/CIK/stock-price
DHY,DHY,Credit Suisse High Yield Bond Fund ,https://www.advfn.com/stock-market/AMEX/DHY/stock-price
CCEL,CCEL,Cryo Cell International Inc ,https://www.advfn.com/stock-market/AMEX/CCEL/stock-price
CYBN,CYBN,Cybin Inc ,https://www.advfn.com/stock-market/AMEX/CYBN/stock-price
DC,DC,Dakota Gold Corp ,https://www.advfn.com/stock-market/AMEX/DC/stock-price
DC.WS,DC-WS,Dakota Gold Corp ,https://www.advfn.com/stock-market/AMEX/DC.WS/stock-price
DPSI,DPSI,DecisionPoint Systems Inc ,https://www.advfn.com/stock-market/AMEX/DPSI/stock-price
VFL,VFL,Delaware Investments National Municipal Income Fund ,https://www.advfn.com/stock-market/AMEX/VFL/stock-price
DLA,DLA,Delta Apparel Inc ,https://www.advfn.com/stock-market/AMEX/DLA/stock-price
DNN,DNN,Denison Mines Corp ,https://www.advfn.com/stock-market/AMEX/DNN/stock-price
DSS,DSS,DSS Inc ,https://www.advfn.com/stock-market/AMEX/DSS/stock-price
DXF,DXF,Dunxin Financial Holdings Ltd ,https://www.advfn.com/stock-market/AMEX/DXF/stock-price
GRF,GRF,Eagle Capital Growth Fund Inc ,https://www.advfn.com/stock-market/AMEX/GRF/stock-price
EVM,EVM,Eaton Vance California Municipal Bond Fund ,https://www.advfn.com/stock-market/AMEX/EVM/stock-price
CEV,CEV,Eaton Vance California Municipal Income ,https://www.advfn.com/stock-market/AMEX/CEV/stock-price
EVV,EVV,Eaton Vance Limited Duration Income Fund ,https://www.advfn.com/stock-market/AMEX/EVV/stock-price
EIM,EIM,Eaton Vance Municipal Bond Fund ,https://www.advfn.com/stock-market/AMEX/EIM/stock-price
ENX,ENX,Eaton Vance New York Municipal Bond Fund ,https://www.advfn.com/stock-market/AMEX/ENX/stock-price
ELMD,ELMD,Electromed Inc ,https://www.advfn.com/stock-market/AMEX/ELMD/stock-price
ELLO,ELLO,Ellomay Capital Ltd ,https://www.advfn.com/stock-market/AMEX/ELLO/stock-price
ECF-A,ECF-A,Ellsworth Growth and Income Fund Ltd ,https://www.advfn.com/stock-market/AMEX/ECF-A/stock-price
ECF,ECF,Ellsworth Growth and Income Fund Ltd ,https://www.advfn.com/stock-market/AMEX/ECF/stock-price
MSN,MSN,Emerson Radio Corp ,https://www.advfn.com/stock-market/AMEX/MSN/stock-price
EP,EP,Empire Petroleum Corporation ,https://www.advfn.com/stock-market/AMEX/EP/stock-price
ESBA,ESBA,Empire State Realty OP LP ,https://www.advfn.com/stock-market/AMEX/ESBA/stock-price
OGCP,OGCP,Empire State Realty OP LP ,https://www.advfn.com/stock-market/AMEX/OGCP/stock-price
FISK,FISK,Empire State Realty OP LP ,https://www.advfn.com/stock-market/AMEX/FISK/stock-price
EMX,EMX,EMX Royalty Corporation ,https://www.advfn.com/stock-market/AMEX/EMX/stock-price
UUUU,UUUU,Energy Fuels Inc ,https://www.advfn.com/stock-market/AMEX/UUUU/stock-price
ENSV,ENSV,ENSERVCO Corporation ,https://www.advfn.com/stock-market/AMEX/ENSV/stock-price
ELA,ELA,Envela Corporation ,https://www.advfn.com/stock-market/AMEX/ELA/stock-price
EQX,EQX,Equinox Gold Corporation ,https://www.advfn.com/stock-market/AMEX/EQX/stock-price
ESP,ESP,Espey Manufacturing and Electronics Corp ,https://www.advfn.com/stock-market/AMEX/ESP/stock-price
QULL,QULL,ETRACS 2x Leveraged MSCI US Quality Factor TR ETN ,https://www.advfn.com/stock-market/AMEX/QULL/stock-price
AMND,AMND,ETRACS Alerian Midstream EnergyHigh Dividend Index ETN ,https://www.advfn.com/stock-market/AMEX/AMND/stock-price
CEFD,CEFD,ETRACS Mth Pay 1 5x Leveraged Closed end Fund Inx ETN ,https://www.advfn.com/stock-market/AMEX/CEFD/stock-price
EVBN,EVBN,Evans Bancorp Inc ,https://www.advfn.com/stock-market/AMEX/EVBN/stock-price
EVI,EVI,EVI Industries Inc ,https://www.advfn.com/stock-market/AMEX/EVI/stock-price
EPM,EPM,Evolution Petroleum Corporation ,https://www.advfn.com/stock-market/AMEX/EPM/stock-price
SNMP,SNMP,Evolve Transition Infrastructure LP ,https://www.advfn.com/stock-market/AMEX/SNMP/stock-price
EXN,EXN,Excellon Resources Inc ,https://www.advfn.com/stock-market/AMEX/EXN/stock-price
FGH,FGH,FG Group Holdings Inc ,https://www.advfn.com/stock-market/AMEX/FGH/stock-price
FLAG.WS,FLAG-WS,First Light Acquisition Group Inc ,https://www.advfn.com/stock-market/AMEX/FLAG.WS/stock-price
FLAG.U,FLAG-U,First Light Acquisition Group Inc ,https://www.advfn.com/stock-market/AMEX/FLAG.U/stock-price
FLAG,FLAG,First Light Acquisition Group Inc ,https://www.advfn.com/stock-market/AMEX/FLAG/stock-price
FEN,FEN,First Trust Energy Income and Growth Fund ,https://www.advfn.com/stock-market/AMEX/FEN/stock-price
BDL,BDL,Flanigans Enterprises Inc ,https://www.advfn.com/stock-market/AMEX/BDL/stock-price
FSI,FSI,Flexible Solutions International Inc ,https://www.advfn.com/stock-market/AMEX/FSI/stock-price
FOXO,FOXO,FOXO Technologies Inc ,https://www.advfn.com/stock-market/AMEX/FOXO/stock-price
FOXO.WS,FOXO-WS,FOXO Technologies Inc ,https://www.advfn.com/stock-market/AMEX/FOXO.WS/stock-price
FTF,FTF,Franklin Limited Duration Income Trust ,https://www.advfn.com/stock-market/AMEX/FTF/stock-price
FSP,FSP,Franklin Street Properties Corp ,https://www.advfn.com/stock-market/AMEX/FSP/stock-price
VINE,VINE,Fresh Vine Wine Inc ,https://www.advfn.com/stock-market/AMEX/VINE/stock-price
FRD,FRD,Friedman Industries Inc ,https://www.advfn.com/stock-market/AMEX/FRD/stock-price
FURY,FURY,Fury Gold Mines Limited ,https://www.advfn.com/stock-market/AMEX/FURY/stock-price
GLU-B,GLU-B,Gabelli Global Utility and Income Trust ,https://www.advfn.com/stock-market/AMEX/GLU-B/stock-price
GLU,GLU,Gabelli Global Utility and Income Trust ,https://www.advfn.com/stock-market/AMEX/GLU/stock-price
GLU-A,GLU-A,Gabelli Global Utility and Income Trust ,https://www.advfn.com/stock-market/AMEX/GLU-A/stock-price
GLTA.U,GLTA-U,Galata Acquisition Corp ,https://www.advfn.com/stock-market/AMEX/GLTA.U/stock-price
GLTA.WS,GLTA-WS,Galata Acquisition Corp ,https://www.advfn.com/stock-market/AMEX/GLTA.WS/stock-price
GLTA,GLTA,Galata Acquisition Corp ,https://www.advfn.com/stock-market/AMEX/GLTA/stock-price
GAU,GAU,Galiano Gold Inc ,https://www.advfn.com/stock-market/AMEX/GAU/stock-price
GGN,GGN,GAMCO Global Gold Natural Resources and Income Trust ,https://www.advfn.com/stock-market/AMEX/GGN/stock-price
GGN-B,GGN-B,GAMCO Global Gold Natural Resources and Income Trust ,https://www.advfn.com/stock-market/AMEX/GGN-B/stock-price
JOB,JOB,GEE Group Inc ,https://www.advfn.com/stock-market/AMEX/JOB/stock-price
GENC,GENC,Gencor Industries Inc ,https://www.advfn.com/stock-market/AMEX/GENC/stock-price
GNS,GNS,Genius Group Limited ,https://www.advfn.com/stock-market/AMEX/GNS/stock-price
GSAT,GSAT,Globalstar Inc ,https://www.advfn.com/stock-market/AMEX/GSAT/stock-price
GORO,GORO,Gold Resource Corporation ,https://www.advfn.com/stock-market/AMEX/GORO/stock-price
GROY.WS,GROY-WS,Gold Royalty Corp ,https://www.advfn.com/stock-market/AMEX/GROY.WS/stock-price
GROY,GROY,Gold Royalty Corp ,https://www.advfn.com/stock-market/AMEX/GROY/stock-price
AUMN,AUMN,Golden Minerals Co ,https://www.advfn.com/stock-market/AMEX/AUMN/stock-price
GLDG,GLDG,GoldMining Inc ,https://www.advfn.com/stock-market/AMEX/GLDG/stock-price
GTE,GTE,Gran Tierra Energy Inc ,https://www.advfn.com/stock-market/AMEX/GTE/stock-price
GRFX,GRFX,Graphex Group Limited ,https://www.advfn.com/stock-market/AMEX/GRFX/stock-price
SIM,SIM,Grupo Simec SAB de CV ,https://www.advfn.com/stock-market/AMEX/SIM/stock-price
HNRA,HNRA,HNR Acquisition Corp ,https://www.advfn.com/stock-market/AMEX/HNRA/stock-price
HNRA.WS,HNRA-WS,HNR Acquisition Corp ,https://www.advfn.com/stock-market/AMEX/HNRA.WS/stock-price
HZON,HZON,Horizon Acquisition Corporation II ,https://www.advfn.com/stock-market/AMEX/HZON/stock-price
HZON.U,HZON-U,Horizon Acquisition Corporation II ,https://www.advfn.com/stock-market/AMEX/HZON.U/stock-price
HZON.WS,HZON-WS,Horizon Acquisition Corporation II ,https://www.advfn.com/stock-market/AMEX/HZON.WS/stock-price
HUSA,HUSA,Houston American Energy Corp ,https://www.advfn.com/stock-market/AMEX/HUSA/stock-price
HWM-,HWM-,Howmet Aerospace Inc ,https://www.advfn.com/stock-market/AMEX/HWM-/stock-price
HPX.WS,HPX-WS,HPX Corp ,https://www.advfn.com/stock-market/AMEX/HPX.WS/stock-price
HPX,HPX,HPX Corp ,https://www.advfn.com/stock-market/AMEX/HPX/stock-price
HPX.U,HPX-U,HPX Corp ,https://www.advfn.com/stock-market/AMEX/HPX.U/stock-price
IBO,IBO,IBO ,https://www.advfn.com/stock-market/AMEX/IBO/stock-price
IDR,IDR,Idaho Strategic Resources Inc ,https://www.advfn.com/stock-market/AMEX/IDR/stock-price
IDW,IDW,IDW Media Holdings ,https://www.advfn.com/stock-market/AMEX/IDW/stock-price
IMH,IMH,Impac Mortgage Holdings Inc ,https://www.advfn.com/stock-market/AMEX/IMH/stock-price
IMO,IMO,Imperial Oil Limited ,https://www.advfn.com/stock-market/AMEX/IMO/stock-price
IOR,IOR,Income Opportunity Realty Investments ,https://www.advfn.com/stock-market/AMEX/IOR/stock-price
IGC,IGC,India Globalization Capital Inc ,https://www.advfn.com/stock-market/AMEX/IGC/stock-price
INDO,INDO,Indonesia Energy Corporation Limited ,https://www.advfn.com/stock-market/AMEX/INDO/stock-price
INFU,INFU,InfuSystems Holdings Inc ,https://www.advfn.com/stock-market/AMEX/INFU/stock-price
IHT,IHT,Innsuites Hospitality Trust ,https://www.advfn.com/stock-market/AMEX/IHT/stock-price
ITRG,ITRG,Integra Resources Corp ,https://www.advfn.com/stock-market/AMEX/ITRG/stock-price
INLX,INLX,Intellinetics Inc ,https://www.advfn.com/stock-market/AMEX/INLX/stock-price
THM,THM,International Tower Hill Mines Ltd New ,https://www.advfn.com/stock-market/AMEX/THM/stock-price
IPVF.U,IPVF-U,InterPrivate III Financial Partners Inc ,https://www.advfn.com/stock-market/AMEX/IPVF.U/stock-price
IPVF.WS,IPVF-WS,InterPrivate III Financial Partners Inc ,https://www.advfn.com/stock-market/AMEX/IPVF.WS/stock-price
IPVF,IPVF,InterPrivate III Financial Partners Inc ,https://www.advfn.com/stock-market/AMEX/IPVF/stock-price
INUV,INUV,Inuvo Inc ,https://www.advfn.com/stock-market/AMEX/INUV/stock-price
VKI,VKI,Invesco Advantage Municipal Income Trust II ,https://www.advfn.com/stock-market/AMEX/VKI/stock-price
ISR,ISR,IsoRay Inc ,https://www.advfn.com/stock-market/AMEX/ISR/stock-price
ISDR,ISDR,Issuer Direct Corporation ,https://www.advfn.com/stock-market/AMEX/ISDR/stock-price
ITP,ITP,IT Tech Packaging Inc ,https://www.advfn.com/stock-market/AMEX/ITP/stock-price
IE,IE,Ivanhoe Electric Inc ,https://www.advfn.com/stock-market/AMEX/IE/stock-price
KLR.WS,KLR-WS,Kaleyra Inc ,https://www.advfn.com/stock-market/AMEX/KLR.WS/stock-price
KIQ,KIQ,Kelso Technologies Inc ,https://www.advfn.com/stock-market/AMEX/KIQ/stock-price
KNW,KNW,Know Labs Inc ,https://www.advfn.com/stock-market/AMEX/KNW/stock-price
KULR,KULR,KULR Technology Group Inc ,https://www.advfn.com/stock-market/AMEX/KULR/stock-price
LSF,LSF,Laird Superfood Inc ,https://www.advfn.com/stock-market/AMEX/LSF/stock-price
LEWY,LEWY,LeeWay Services Inc ,https://www.advfn.com/stock-market/AMEX/LEWY/stock-price
LMND,LMND,Lemonade Inc ,https://www.advfn.com/stock-market/AMEX/LMND/stock-price
LGL.WS,LGL-WS,LGL Group Inc ,https://www.advfn.com/stock-market/AMEX/LGL.WS/stock-price
LGL,LGL,LGL Group Inc ,https://www.advfn.com/stock-market/AMEX/LGL/stock-price
LCTX,LCTX,Lineage Cell Therapeutics Inc ,https://www.advfn.com/stock-market/AMEX/LCTX/stock-price
LEV.WS.A,LEV-WS-A,Lion Electric Company ,https://www.advfn.com/stock-market/AMEX/LEV.WS.A/stock-price
LPTV,LPTV,Loop Media Inc ,https://www.advfn.com/stock-market/AMEX/LPTV/stock-price
MAG,MAG,MAG Silver Corp ,https://www.advfn.com/stock-market/AMEX/MAG/stock-price
MAIA,MAIA,Maia Biotechnology Inc ,https://www.advfn.com/stock-market/AMEX/MAIA/stock-price
MNK,MNK,Mallinckrodt plc ,https://www.advfn.com/stock-market/AMEX/MNK/stock-price
MGLD,MGLD,Marygold Companies Inc ,https://www.advfn.com/stock-market/AMEX/MGLD/stock-price
MHH,MHH,Mastech Digital Inc ,https://www.advfn.com/stock-market/AMEX/MHH/stock-price
MTNB,MTNB,Matinas Biopharma Holdings Inc ,https://www.advfn.com/stock-market/AMEX/MTNB/stock-price
MPU,MPU,Mega Matrix Corp ,https://www.advfn.com/stock-market/AMEX/MPU/stock-price
MTMT,MTMT,Mega Matrix Corp ,https://www.advfn.com/stock-market/AMEX/MTMT/stock-price
IPB,IPB,Merrill Lynch ,https://www.advfn.com/stock-market/AMEX/IPB/stock-price
MTA,MTA,Metalla Royalty & Streaming Ltd ,https://www.advfn.com/stock-market/AMEX/MTA/stock-price
MXC,MXC,Mexco Energy Corp ,https://www.advfn.com/stock-market/AMEX/MXC/stock-price
MLSS,MLSS,Milestone Scientific Inc ,https://www.advfn.com/stock-market/AMEX/MLSS/stock-price
MITQ,MITQ,Moving iMage Technologies Inc ,https://www.advfn.com/stock-market/AMEX/MITQ/stock-price
MPTI,MPTI,Mtron Industries Inc ,https://www.advfn.com/stock-market/AMEX/MPTI/stock-price
MYO,MYO,Myomo Inc ,https://www.advfn.com/stock-market/AMEX/MYO/stock-price
NNVC,NNVC,NanoViricides Inc ,https://www.advfn.com/stock-market/AMEX/NNVC/stock-price
NHC,NHC,National HealthCare Corp ,https://www.advfn.com/stock-market/AMEX/NHC/stock-price
NAVB,NAVB,Navidea Biopharmaceuticals Inc ,https://www.advfn.com/stock-market/AMEX/NAVB/stock-price
NTIP,NTIP,Network 1 Technologies Inc ,https://www.advfn.com/stock-market/AMEX/NTIP/stock-price
NBW,NBW,Neuberger Berman California Municipal Fund Inc ,https://www.advfn.com/stock-market/AMEX/NBW/stock-price
NHS,NHS,Neuberger Berman High Yield Strategies Fund ,https://www.advfn.com/stock-market/AMEX/NHS/stock-price
NML,NML,Neuberger Berman MLP and Energy Income Fund Inc ,https://www.advfn.com/stock-market/AMEX/NML/stock-price
NBH,NBH,Neuberger Berman Municipal Fund Inc ,https://www.advfn.com/stock-market/AMEX/NBH/stock-price
NBO,NBO,Neuberger Berman New York Municipal Fund Inc ,https://www.advfn.com/stock-market/AMEX/NBO/stock-price
NRO,NRO,Neuberger Berman Real Estate Securities Income Fund Inc ,https://www.advfn.com/stock-market/AMEX/NRO/stock-price
GBR,GBR,New Concept Energy Inc ,https://www.advfn.com/stock-market/AMEX/GBR/stock-price
NEN,NEN,New England Realty Associates ,https://www.advfn.com/stock-market/AMEX/NEN/stock-price
NFGC,NFGC,New Found Gold Corporation ,https://www.advfn.com/stock-market/AMEX/NFGC/stock-price
NGD,NGD,New Gold Inc ,https://www.advfn.com/stock-market/AMEX/NGD/stock-price
NEWP,NEWP,New Pacific Metals Corporation ,https://www.advfn.com/stock-market/AMEX/NEWP/stock-price
MI,MI,NFT Limited ,https://www.advfn.com/stock-market/AMEX/MI/stock-price
NHWK,NHWK,Nighthawk Biosciences Inc ,https://www.advfn.com/stock-market/AMEX/NHWK/stock-price
NAK,NAK,Northern Dynasty Minerals Ltd ,https://www.advfn.com/stock-market/AMEX/NAK/stock-price
NSTB.WS,NSTB-WS,Northern Star Investment Corp II ,https://www.advfn.com/stock-market/AMEX/NSTB.WS/stock-price
NSTB.U,NSTB-U,Northern Star Investment Corp II ,https://www.advfn.com/stock-market/AMEX/NSTB.U/stock-price
NSTB,NSTB,Northern Star Investment Corp II ,https://www.advfn.com/stock-market/AMEX/NSTB/stock-price
NBY,NBY,NovaBay Pharmaceuticals Inc New ,https://www.advfn.com/stock-market/AMEX/NBY/stock-price
NG,NG,Novagold Resources Inc ,https://www.advfn.com/stock-market/AMEX/NG/stock-price
BURU,BURU,Nuburu Inc ,https://www.advfn.com/stock-market/AMEX/BURU/stock-price
BURU.WS,BURU-WS,Nuburu Inc ,https://www.advfn.com/stock-market/AMEX/BURU.WS/stock-price
NUVO,NUVO,Nuvo Group Ltd ,https://www.advfn.com/stock-market/AMEX/NUVO/stock-price
OBE,OBE,Obsidian Energy Ltd ,https://www.advfn.com/stock-market/AMEX/OBE/stock-price
OPTT,OPTT,Ocean Power Technologies Inc ,https://www.advfn.com/stock-market/AMEX/OPTT/stock-price
OGEN,OGEN,Oragenics Inc ,https://www.advfn.com/stock-market/AMEX/OGEN/stock-price
ORLA,ORLA,Orla Mining Ltd ,https://www.advfn.com/stock-market/AMEX/ORLA/stock-price
OUST.WS,OUST-WS,Ouster Inc ,https://www.advfn.com/stock-market/AMEX/OUST.WS/stock-price
OUST.WS.A,OUST-WS-A,Ouster Inc ,https://www.advfn.com/stock-market/AMEX/OUST.WS.A/stock-price
PTN,PTN,Palatin Technologies Inc New ,https://www.advfn.com/stock-market/AMEX/PTN/stock-price
PZG,PZG,Paramount Gold and Silver Corp ,https://www.advfn.com/stock-market/AMEX/PZG/stock-price
PRK,PRK,Park National Corp ,https://www.advfn.com/stock-market/AMEX/PRK/stock-price
ID,ID,PARTS iD Inc ,https://www.advfn.com/stock-market/AMEX/ID/stock-price
PED,PED,PEDEVCO Corp New ,https://www.advfn.com/stock-market/AMEX/PED/stock-price
OILS.WS,OILS-WS,Permex Petroleum Corporation ,https://www.advfn.com/stock-market/AMEX/OILS.WS/stock-price
OILS,OILS,Permex Petroleum Corporation ,https://www.advfn.com/stock-market/AMEX/OILS/stock-price
CATX,CATX,Perspective Therapeutics Inc ,https://www.advfn.com/stock-market/AMEX/CATX/stock-price
PCG-I,PCG-I,PG&E Corporation ,https://www.advfn.com/stock-market/AMEX/PCG-I/stock-price
PCG-A,PCG-A,PG&E Corporation ,https://www.advfn.com/stock-market/AMEX/PCG-A/stock-price
PCG-H,PCG-H,PG&E Corporation ,https://www.advfn.com/stock-market/AMEX/PCG-H/stock-price
PCG-C,PCG-C,PG&E Corporation ,https://www.advfn.com/stock-market/AMEX/PCG-C/stock-price
PCG-G,PCG-G,PG&E Corporation ,https://www.advfn.com/stock-market/AMEX/PCG-G/stock-price
PCG-D,PCG-D,PG&E Corporation ,https://www.advfn.com/stock-market/AMEX/PCG-D/stock-price
PCG-B,PCG-B,PG&E Corporation ,https://www.advfn.com/stock-market/AMEX/PCG-B/stock-price
PCG-E,PCG-E,PG&E Corporation ,https://www.advfn.com/stock-market/AMEX/PCG-E/stock-price
HNW,HNW,Pioneer Diversified High Income Fund Inc ,https://www.advfn.com/stock-market/AMEX/HNW/stock-price
PLAG,PLAG,Planet Green Holdings Corp ,https://www.advfn.com/stock-market/AMEX/PLAG/stock-price
PLG,PLG,Platinum Group Metals Ltd New ,https://www.advfn.com/stock-market/AMEX/PLG/stock-price
PLYM-A,PLYM-A,Plymouth Industrial REIT Inc ,https://www.advfn.com/stock-market/AMEX/PLYM-A/stock-price
POL,POL,Polished Inc ,https://www.advfn.com/stock-market/AMEX/POL/stock-price
POL.WS,POL-WS,Polished Inc ,https://www.advfn.com/stock-market/AMEX/POL.WS/stock-price
PLMRW,PLMRW,PolyMet Mining Corp ,https://www.advfn.com/stock-market/AMEX/PLMRW/stock-price
PLM,PLM,PolyMet Mining Corp ,https://www.advfn.com/stock-market/AMEX/PLM/stock-price
PW-A,PW-A,Power REIT ,https://www.advfn.com/stock-market/AMEX/PW-A/stock-price
PW,PW,Power REIT ,https://www.advfn.com/stock-market/AMEX/PW/stock-price
PLX,PLX,Protalix BioTherapeutics Inc ,https://www.advfn.com/stock-market/AMEX/PLX/stock-price
RMED,RMED,Ra Medical Systems Inc ,https://www.advfn.com/stock-market/AMEX/RMED/stock-price
RLGT,RLGT,Radiant Logistics Inc ,https://www.advfn.com/stock-market/AMEX/RLGT/stock-price
UTG,UTG,Reaves Utility Income Fund ,https://www.advfn.com/stock-market/AMEX/UTG/stock-price
RHE-B,RHE-B,Regional Health Properties Inc ,https://www.advfn.com/stock-market/AMEX/RHE-B/stock-price
RHE-A,RHE-A,Regional Health Properties Inc ,https://www.advfn.com/stock-market/AMEX/RHE-A/stock-price
RHE,RHE,Regional Health Properties Inc ,https://www.advfn.com/stock-market/AMEX/RHE/stock-price
RHB-B,RHB-B,Regional Health Properties Inc ,https://www.advfn.com/stock-market/AMEX/RHB-B/stock-price
RCG,RCG,RENN Fund Inc ,https://www.advfn.com/stock-market/AMEX/RCG/stock-price
RVP,RVP,Retractable Technologies Inc ,https://www.advfn.com/stock-market/AMEX/RVP/stock-price
REPX,REPX,Riley Exploration Permian Inc ,https://www.advfn.com/stock-market/AMEX/REPX/stock-price
REI,REI,Ring Energy Inc ,https://www.advfn.com/stock-market/AMEX/REI/stock-price
SCCC,SCCC,Sachem Capital Corp ,https://www.advfn.com/stock-market/AMEX/SCCC/stock-price
SCCD,SCCD,Sachem Capital Corp ,https://www.advfn.com/stock-market/AMEX/SCCD/stock-price
SCCF,SCCF,Sachem Capital Corp ,https://www.advfn.com/stock-market/AMEX/SCCF/stock-price
SCCG,SCCG,Sachem Capital Corp ,https://www.advfn.com/stock-market/AMEX/SCCG/stock-price
SCCB,SCCB,Sachem Capital Corp ,https://www.advfn.com/stock-market/AMEX/SCCB/stock-price
SCCE,SCCE,Sachem Capital Corp ,https://www.advfn.com/stock-market/AMEX/SCCE/stock-price
SACC,SACC,Sachem Capital Corp ,https://www.advfn.com/stock-market/AMEX/SACC/stock-price
SACH-A,SACH-A,Sachem Capital Corporation ,https://www.advfn.com/stock-market/AMEX/SACH-A/stock-price
SACH,SACH,Sachem Capital Corporation ,https://www.advfn.com/stock-market/AMEX/SACH/stock-price
SATX,SATX,SatixFy Communications Ltd ,https://www.advfn.com/stock-market/AMEX/SATX/stock-price
SATX.WS.A,SATX-WS-A,SatixFy Communications Ltd ,https://www.advfn.com/stock-market/AMEX/SATX.WS.A/stock-price
SEB,SEB,Seaboard Corp ,https://www.advfn.com/stock-market/AMEX/SEB/stock-price
SENS,SENS,Senseonics Holdings Inc ,https://www.advfn.com/stock-market/AMEX/SENS/stock-price
ROXA,ROXA,Series A Shares ,https://www.advfn.com/stock-market/AMEX/ROXA/stock-price
SVT,SVT,Servotronics Inc ,https://www.advfn.com/stock-market/AMEX/SVT/stock-price
SIF,SIF,Sifco Industries Inc ,https://www.advfn.com/stock-market/AMEX/SIF/stock-price
SVM,SVM,Silvercorp Metals Inc ,https://www.advfn.com/stock-market/AMEX/SVM/stock-price
SILV,SILV,SilverCrest Metals Inc ,https://www.advfn.com/stock-market/AMEX/SILV/stock-price
STR.WS,STR-WS,Sitio Royalties Corporation ,https://www.advfn.com/stock-market/AMEX/STR.WS/stock-price
SKYH,SKYH,Sky Harbour Group Corporation ,https://www.advfn.com/stock-market/AMEX/SKYH/stock-price
SKYH.WS,SKYH-WS,Sky Harbour Group Corporation ,https://www.advfn.com/stock-market/AMEX/SKYH.WS/stock-price
XPL,XPL,Solitario Zinc Corp ,https://www.advfn.com/stock-market/AMEX/XPL/stock-price
SLND.WS,SLND-WS,Southland Holdings Inc ,https://www.advfn.com/stock-market/AMEX/SLND.WS/stock-price
SLND,SLND,Southland Holdings Inc ,https://www.advfn.com/stock-market/AMEX/SLND/stock-price
SBEV,SBEV,Splash Beverage Group Inc ,https://www.advfn.com/stock-market/AMEX/SBEV/stock-price
SBEV.WS,SBEV-WS,Splash Beverage Group Inc ,https://www.advfn.com/stock-market/AMEX/SBEV.WS/stock-price
CEF,CEF,Sprott Physical Gold and Silver Trust ,https://www.advfn.com/stock-market/AMEX/CEF/stock-price
SLI,SLI,Standard Lithium Ltd ,https://www.advfn.com/stock-market/AMEX/SLI/stock-price
STXS,STXS,Stereotaxis Inc ,https://www.advfn.com/stock-market/AMEX/STXS/stock-price
STRW,STRW,Strawberry Fields REIT Inc ,https://www.advfn.com/stock-market/AMEX/STRW/stock-price
SSY,SSY,Sunlink Health Systems ,https://www.advfn.com/stock-market/AMEX/SSY/stock-price
SDPI,SDPI,Superior Drilling Products Inc ,https://www.advfn.com/stock-market/AMEX/SDPI/stock-price
TWND,TWND,Tailwind Acquisition Corp ,https://www.advfn.com/stock-market/AMEX/TWND/stock-price
TWND.U,TWND-U,Tailwind Acquisition Corp ,https://www.advfn.com/stock-market/AMEX/TWND.U/stock-price
TWND.WS,TWND-WS,Tailwind Acquisition Corp ,https://www.advfn.com/stock-market/AMEX/TWND.WS/stock-price
TKAT,TKAT,Takung Art Co Ltd ,https://www.advfn.com/stock-market/AMEX/TKAT/stock-price
TGB,TGB,Taseko Mines Ltd ,https://www.advfn.com/stock-market/AMEX/TGB/stock-price
TELL,TELL,Tellurian Inc ,https://www.advfn.com/stock-market/AMEX/TELL/stock-price
TELZ,TELZ,Tellurian Inc ,https://www.advfn.com/stock-market/AMEX/TELZ/stock-price
TOVX,TOVX,Theriva Biologics Inc ,https://www.advfn.com/stock-market/AMEX/TOVX/stock-price
TDW.WS,TDW-WS,Tidewater Inc ,https://www.advfn.com/stock-market/AMEX/TDW.WS/stock-price
TMBR,TMBR,Timber Pharmaceuticals Inc ,https://www.advfn.com/stock-market/AMEX/TMBR/stock-price
TMP,TMP,Tompkins Financial Corporation ,https://www.advfn.com/stock-market/AMEX/TMP/stock-price
TMQ,TMQ,Trilogy Metals Inc ,https://www.advfn.com/stock-market/AMEX/TMQ/stock-price
TPHS,TPHS,Trinity Place Holdings Inc ,https://www.advfn.com/stock-market/AMEX/TPHS/stock-price
TRT,TRT,Trio Tech International ,https://www.advfn.com/stock-market/AMEX/TRT/stock-price
TRX,TRX,TRX Gold Corporation ,https://www.advfn.com/stock-market/AMEX/TRX/stock-price
UFAB,UFAB,Unique Fabricating Inc ,https://www.advfn.com/stock-market/AMEX/UFAB/stock-price
UAMY,UAMY,United States Antimony Corp ,https://www.advfn.com/stock-market/AMEX/UAMY/stock-price
UUU,UUU,Universal Security Instruments Inc ,https://www.advfn.com/stock-market/AMEX/UUU/stock-price
URG,URG,Ur Energy Inc ,https://www.advfn.com/stock-market/AMEX/URG/stock-price
UEC,UEC,Uranium Energy Corp ,https://www.advfn.com/stock-market/AMEX/UEC/stock-price
VGZ,VGZ,Vista Gold Corp ,https://www.advfn.com/stock-market/AMEX/VGZ/stock-price
VHAQ.WS,VHAQ-WS,Viveon Health Acquisition Corp ,https://www.advfn.com/stock-market/AMEX/VHAQ.WS/stock-price
VHAQ.U,VHAQ-U,Viveon Health Acquisition Corp ,https://www.advfn.com/stock-market/AMEX/VHAQ.U/stock-price
VHAQ.RT,VHAQ-RT,Viveon Health Acquisition Corp ,https://www.advfn.com/stock-market/AMEX/VHAQ.RT/stock-price
VHAQ,VHAQ,Viveon Health Acquisition Corp ,https://www.advfn.com/stock-market/AMEX/VHAQ/stock-price
VZLA,VZLA,Vizsla Silver Corporation ,https://www.advfn.com/stock-market/AMEX/VZLA/stock-price
VNRX,VNRX,VolitionRX Limited ,https://www.advfn.com/stock-market/AMEX/VNRX/stock-price
WRN,WRN,Western Copper and Gold Corporation ,https://www.advfn.com/stock-market/AMEX/WRN/stock-price
WWR,WWR,Westwater Resources Inc ,https://www.advfn.com/stock-market/AMEX/WWR/stock-price
WYY,WYY,WidePoint Corporation ,https://www.advfn.com/stock-market/AMEX/WYY/stock-price
WLMS,WLMS,Williams Industrial Services Group Inc ,https://www.advfn.com/stock-market/AMEX/WLMS/stock-price
WRAC.WS,WRAC-WS,Williams Rowland Acquisition Corp ,https://www.advfn.com/stock-market/AMEX/WRAC.WS/stock-price
WRAC,WRAC,Williams Rowland Acquisition Corp ,https://www.advfn.com/stock-market/AMEX/WRAC/stock-price
WRAC.U,WRAC-U,Williams Rowland Acquisition Corp ,https://www.advfn.com/stock-market/AMEX/WRAC.U/stock-price
WTT,WTT,Wireless Telecom ,https://www.advfn.com/stock-market/AMEX/WTT/stock-price
XTNT,XTNT,Xtant Medical Holdings Inc ,https://www.advfn.com/stock-market/AMEX/XTNT/stock-price
ZDGE,ZDGE,Zedge Inc ,https://www.advfn.com/stock-market/AMEX/ZDGE/stock-price
ZOM,ZOM,Zomedica Corp ,https://www.advfn.com/stock-market/AMEX/ZOM/stock-price
EFSH,EFSH,1847 Holdings LLC ,https://www.advfn.com/stock-market/AMEX/EFSH/stock-price
