Symbol,Name
AAB,Aberdeen International Inc
AAV,Advantage Oil & Gas Ltd
ABCT,ABC Technologies Holdings Inc
ABST,Absolute Software Corp
ABTC,Accelerate Carbon Negative Bitcoin ETF
ABTC.U,Accelerate Carbon Neg Bitcoin ETF USD
ABX,Barrick Gold Corp
AC,Air Canada
ACB,Aurora Cannabis Inc
ACB.WS.U,Aurora Cannabis Inc Ws USD
ACB.WT.V,Aurora Cannabis Inc WT V USD
ACD,Accord Financial
ACD.DB,Accord Financial Corp 7.00 Pct Debs
ACO.X,Atco Ltd Cl I NV
ACO.Y,Atco Ltd Cl II
ACQ,Autocanada Inc
AD.DB,Alaris Royalty Corp 5.50 Pct Debs
AD.DB.A,Alaris Eqty Part Inc Trust 6.25 Pct Debs
AD.UN,Alaris Equity Partners Income Trust
ADCO,Adcore Inc
ADN,Acadian Timber Corp
ADW.A,Andrew Peller Ltd Cl A
ADW.B,Andrew Peller Ltd Cl B
AEG,Aegis Brands Inc
AEM,Agnico Eagle Mines Ltd
AEZS,Aeterna Zentaris Inc
AFN,Ag Growth International Inc
AFN.DB.F,Ag Growth Intl Inc 5.4 Pct Debs
AFN.DB.G,Ag Growth Intl Inc 5.25 Pct Debs
AFN.DB.H,Ag Growth Intl Inc 5.25 Pct Debs
AFN.DB.I,Ag Growth International Inc 5 Pct Debs
AFN.DB.J,Ag Growth Intl Inc 5.20 Pct Debs
AGF.B,AGF Management Ltd Cl B NV
AGI,Alamos Gold Inc Cls A
AGR.UN,Sustainable Agriculture Wellness Div
AGRI.U,Agrinam Acquisition Corp
AGRI.WT.U,Agrinam Acquisition Corporation WT
AH,Aleafia Health Inc
AH.WT.A,Aleafia Health Inc WT A
AH.WT.B,Aleafia Health Inc WT B
AI,Atrium Mortgage Investment Corp
AI.DB.C,Atrium Mortgage Inv Corp 5.30 Pct Debs
AI.DB.D,Atrium Mortgage Inv Corp 5.50 Pct Debs
AI.DB.E,Atrium Mortgage Inv Corp 5.60 Pct Debs
AI.DB.F,Atrium Mortgage Inv Corp 5 Pct Debs
AI.DB.G,Atrium Mortgage Inv Corp 5.10 Pct Debs
AIF,Altus Group Ltd
AII,Almonty Industries Inc
AIM,Aimia Inc
AIM.PR.A,Aimia Inc Pref Ser 1
AIM.PR.C,Aimia Inc Pref Ser 3
AKE,Orocobre Limited
AKT.A,Akita Drilling Ltd Cl A NV
AKU,Akumin Inc
ALA,Altagas Ltd
ALA.PR.A,Altagas Ltd Pref A
ALA.PR.B,Altagas Ltd Pref Ser B
ALA.PR.E,Altagas Ltd Pref Ser E
ALA.PR.G,Altagas Ltd Pref G
ALA.PR.H,Altagas Ltd Pref H
ALA.PR.U,Altagas Ltd Pref Ser C
ALC,Algoma Central
ALC.DB.A,Algoma Central Corp 5.25 Pct Debs
ALS,Altius Minerals Corp
ALYA,Alithya Group
AMM,Almaden Minerals Ltd
AND,Andlauer Healthcare Group Inc
ANRG,Anaergia Inc
AOI,Africa Oil Corp
AOT,Ascot Resources Ltd
AP.UN,Allied Properties Real Estate Inv Trust
APLI,Appili Therapeutics Inc
APR.UN,Automotive Properties REIT
APS,Aptose Biosciences Inc
APY,Anglo Pacific Group Plc
AQN,Algonquin Power and Utilities Corp
AQN.PR.A,Algonquin Power and Utilities Pref A
AQN.PR.D,Algonquin Power and Utilities Pref D
AR,Argonaut Gold Inc
AR.DB.U,Argonaut Gold Inc 4.625%
ARA,Aclara Resources Inc
ARB,Accelerate Arbitrage Fund ETF
ARE,Aecon Group Inc
ARE.DB.C,Aecon Group Inc 5.0 Pct Debs
ARG,Amerigo Resources Ltd
ARIS,Aris Gold Corp
ARIS.WT,Aris Gold Corp WT
ARR,Altius Renewable Royalties Corp
ARX,Arc Resources Ltd
ASCU,Arizona Sonoran Copper Company Inc
ASM,Avino Silver and Gold Mines Ltd
ASND,Ascendant Resources Inc
ASP,Acerus Pharmaceuticals Corp
ASTL,Algoma Steel Group Inc
ASTL.WT,Algoma Steel Group Inc
AT,Acuityads Holdings Inc
ATA,Ats Automation
ATD,Alimentation Couche-Tard Inc.
ATE,Antibe Therapeutics Inc
ATH,Athabasca Oil Corp
ATSX,Accelerate Enhanced CDN Bm Alt Fund ETF
ATZ,Aritzia Inc
AUGB.F,First Trst CBOE Vest US Eqty Buffer ETF
AUMN,Golden Minerals Company
AVCN,Avicanna Inc
AVL,Avalon Advanced Materials Inc
AVNT,Avant Brands Inc
AVNT.WT,Avant Brands Inc WT
AVP,Avcorp Industries Inc
AW.UN,A&W Revenue Royalties Income Fund
AX.PR.A,Artis REIT Pref Ser A
AX.PR.E,Artis REIT Pref Ser E
AX.PR.I,Artis REIT Pref Series I
AX.UN,Artis Real Estate Investment Trust Units
AXIS,Axis Auto Finance Inc
AXU,Alexco Resource Corp
AYA,Aya Gold and Silver Inc
AYM,Atalaya Mining Plc
BABY,Else Nutrition Holdings Inc
BABY.WT,Else Nutrition Holdings Inc WT
BABY.WT.A,Else Nutrition Holdings Inc.
BAM.A,Brookfield Asset Management Inc Cl A Lv
BAM.PF.A,Brookfield Asset Mgmt Inc Pref Ser 32
BAM.PF.B,Brookfield Asset Mgmt Inc Pref Ser 34
BAM.PF.C,Brookfield Asset Mgmt Inc Pref Ser 36
BAM.PF.D,Brookfield Asset Mgmt Inc Pr Ser 37
BAM.PF.E,Brookfield Asset Mgmt Pref Ser 38
BAM.PF.F,Brookfield Asset Mgmt Inc Pref Ser 40
BAM.PF.G,Brookfield Asset Mgmt Inc Pref Ser 42
BAM.PF.H,Brookfield Asset MGT Inc Pref Ser 44
BAM.PF.I,Brookfield Asset Mgmt Inc Pref Ser 46
BAM.PF.J,Brookfield Asset Mgmt Inc Pref Ser 48
BAM.PR.B,Brookfield Asset Mgmt Inc Pr. Ser 2
BAM.PR.C,Brookfield Asset Mgmt Inc Pr. Ser 4
BAM.PR.E,Brookfield Asset Mgmt Inc Pr. Ser 8
BAM.PR.G,Brookfield Asset Mgmt Inc Pr Ser 9
BAM.PR.K,Brookfield Asset Mgmt Inc Pr. Ser 13
BAM.PR.M,Brookfield Asset Mgmt Inc Prf A Ser 17
BAM.PR.N,Brookfield Asset Mgmt Pref Shs Ser 18
BAM.PR.R,Brookfield Asset Mgmt Pref Ser 24
BAM.PR.T,Brookfield Asset Mgmt Pref Ser 26
BAM.PR.X,Brookfield Am Pref Ser 28
BAM.PR.Z,Brookfield Asset Mgmt Inc Pr Ser 30
BAMR,Brookfield Asset Management Re Part Ltd
BANK,Evolve CDN Banks Lifecos Enh Yld Idx ETF
BASE,Evolve Glob Matls Mining Enh Yld Idx ETF
BASE.B,Evolve Glob Matls Mining Enh Yld Unhgd
BB,Blackberry Ltd
BBD.A,Bombardier Inc Cl A Mv
BBD.B,Bombardier Inc Cl B Sv
BBD.PR.B,Bombardier 2 Pr
BBD.PR.C,Bombardier Inc Pref Class C
BBD.PR.D,Bombardier Inc Pref Ser 3
BBIG,Horizons Global Bbig Technology ETF Clas
BBIG.U,Horizons Global Bbig Tech ETF USD
BBTV,Bbtv Holdings Inc
BBTV.DB,Bbtv Holdings Inc 7 Pct Debs
BBU.UN,Brookfield Business Partners LP
BBUC,Brookfield Business Corporation
BCE,BCE Inc
BCE.PR.A,BCE First Pr Shares Series Aa
BCE.PR.B,BCE Inc First Pr Shares Series Ab
BCE.PR.C,BCE Inc Pr Shares Series AC
BCE.PR.D,BCE Inc Pref Shares Series Ad
BCE.PR.E,BCE 1st Pref Shares Series Ae
BCE.PR.F,BCE 1st Pref Shares Series Af
BCE.PR.G,BCE 1st Pref Shares Series Ag
BCE.PR.H,BCE 1st Pref Shares Series Ah
BCE.PR.I,BCE 1st Pref Shares Series Ai
BCE.PR.J,BCE Inc Pref Sh Series Aj
BCE.PR.K,BCE Inc Pref Ser AK
BCE.PR.L,BCE Inc Pref Ser AL
BCE.PR.M,BCE Inc Pref Shares Series Am
BCE.PR.N,BCE Inc Pref Shares Series An
BCE.PR.Q,BCE Inc Pref Shares Series Aq
BCE.PR.R,BCE Inc Ser R
BCE.PR.S,BCE Inc Ser S
BCE.PR.T,BCE Inc First Pref Series T
BCE.PR.Y,BCE Inc Ser Y Pr
BCE.PR.Z,BCE Inc Series Z
BCT,Briacell Therapeutics Corp
BDGI,Badger Infrastructure Solutions Ltd
BDI,Black Diamond Group Ltd
BDIV,Brompton Global Dividend Growth ETF
BDOP,Black Diamond Distressed Opport Fund ETF
BDT,Bird Construction Inc
BEI.UN,Boardwalk Real Estate Investment Trust
BEK.B,Becker Milk Company Ltd Cl B NV
BEP.PR.G,Brookfield Renewable LP Pref Ser 7
BEP.PR.M,Brookfield Renewable LP Pref Ser 13
BEP.PR.O,Brookfield Renewable Partners L.P.
BEP.PR.R,Brookfield Renewable Partners LP
BEP.UN,Brookfield Renewable Partners LP
BEPC,Brookfield Renewable Corp
BEPR,Brompton Flaherty & Crumrine Enhanced IN
BESG,Invesco ESG CDN Core Plus Bond ETF
BFIN,Brompton Na Financials Dividend ETF
BGC,Bristol Gate Concentrated CDN Eqty ETF
BGI.UN,Brookfield Glbl Infras Sec Inc Fd
BGU,Bristol Gate Concentrated US Eqty ETF
BGU.U,Bristol Gate Conc US Eqty ETF USD
BHC,Bausch Health Companies Inc
BIK.PR.A,Bip Investment Corp Pref Ser 1
BIP.PR.A,Brookfield Infra Partners LP Pref Ser 1
BIP.PR.B,Brookfield Infra Partners LP Pref Ser 3
BIP.PR.E,Brookfield Infra Partners LP Pref Ser 9
BIP.PR.F,Brookfield Infra Partners LP Pref Ser 11
BIP.UN,Brookfield Infra Partners LP Units
BIPC,Brookfield Infrastructure Corp
BIR,Birchcliff Energy Ltd
BIR.PR.A,Birchcliff Energy Ltd Pref Sh A
BIR.PR.C,Birchcliff Energy Ltd Pref Ser C
BITC,Ninepoint Bitcoin ETF
BITC.U,Bitcoin Trust USD
BITF,Bitfarms Ltd
BITI,Betapro Inverse Bitcoin ETF
BITI.U,Betapro Inverse Bitcoin ETF USD
BK,Canadian Banc Corp
BK.PR.A,Canadian Banc Corp Pref A
BKCC,Horizons Eql WT CDN Bank Cvrd Call ETF
BKI,Black Iron Inc
BKL.F,Invesco Senior Loan Index ETF
BKL.U,Invesco Senior Loan Index USD ETF
BLB.UN,Bloom Select Income Fund
BLCO,Bausch Lomb Corporation
BLDP,Ballard Power Systems Inc
BLDR,Horizons North American Infrastructure
BLN,Blackline Safety Corp
BLOV,Brompton Na Low Volatility Dividend ETF
BLU,Bellus Health Inc
BLX,Boralex Inc
BMO,Bank of Montreal
BMO.PR.D,BMO Pref Shares Series 42
BMO.PR.E,BMO Pref Shares Series 44
BMO.PR.F,BMO Pref Shares Series 46
BMO.PR.S,BMO Cl B Pref Shares Ser 27
BMO.PR.T,BMO Non Cum Cl B Prf Share Series 29
BMO.PR.W,BMO Cl B Pref Shares Ser 31
BMO.PR.Y,Bank of Montreal Pref Ser 33
BNC,Purpose CDN Financial Income Fund ETF
BND,Purpose Tactical Inv Grade Bond ETF
BNE,Bonterra Energy Corp
BNG,Bengal Energy Ltd
BNK,Big Banc Split Corp Cl A
BNS,Bank of Nova Scotia
BNS.PR.I,Bns Preferred Shares Series 40
BOS,Airboss America J
BPF.UN,Boston Pizza Royalties Income Fund
BPO.PR.A,Brookfield Office Properties Pref Ser Aa
BPO.PR.C,Brookfield Office Properties Pref Ser CC
BPO.PR.E,Brookfield Office Properties Pref Ser Ee
BPO.PR.G,Brookfield Office Properties Pref Ser G
BPO.PR.I,Brookfield Office Properties Pref Ser II
BPO.PR.N,Brookfield Office Properties Pref Ser N
BPO.PR.P,Brookfield Office Properties Pref Ser P
BPO.PR.R,Brookfield Office Properties Pref Ser R
BPO.PR.T,Brookfield Office Properties Pref Ser T
BPO.PR.W,Brookfield Office Properties Pref Ser W
BPO.PR.X,Brookfield Office Properties Pref Ser V
BPO.PR.Y,Brookfield Office Properties Pref Ser Y
BPRF,Bf and Crumrine Invest Grade Pref ETF
BPRF.U,Bf and Crumrine Invgrade Pref ETF USD
BPS.PR.A,Brookfield Property Split Pref Ser 2
BPS.PR.B,Brookfield Property Split Pref Ser 3
BPS.PR.C,Brookfield Property Split Pref Ser 4
BPS.PR.U,Brookfield Property Split Pref Ser 1
BPYP.PR.A,Brookfield Property Preferred L.P.
BR,Big Rock Brewery Inc
BRAG,Bragg Gaming Group Inc
BRE,Bridgemarq Real Estate Services Inc
BREA,Brompton Global Real Assets Dividend ETF
BRF.PR.A,Brookfield Renewable Pref Cl A Ser 1
BRF.PR.B,Brookfield Renewable Pref Cl A Ser 2
BRF.PR.C,Brookfield Renewable Power Pref Eqty Inc
BRF.PR.E,Brookfield Renewable Power Pref Eqt Sr 5
BRF.PR.F,Brookfield Renewable Power Pref Eqt Sr 6
BRMI,Boat Rocker Media Inc
BRY,Bri Chem Corp
BSO.UN,Brookfield Select Opportunities Inc Fund
BSX,Belo Sun Mining Corp
BTB.DB.G,Btb REIT 6.0 Pct Debs
BTB.DB.H,Btb REIT 7.00 Pct Debs
BTB.UN,Btb REIT Units
BTCC,Purpose Bitcoin ETF Currency Hgd
BTCC.B,Purpose Bitcoin ETF [Cad ETF Non-Currenc
BTCC.J,Purpose Bitcoin Carbon Offset ETF
BTCC.U,Purpose Bitcoin ETF [Usd ETF Non-Currenc
BTCQ,3iQ Coinshares Bitcoin ETF
BTCQ.U,3iQ Coinshares Bitcoin ETF USD
BTCX.B,CI Galaxy Bitcoin ETF [Cad Unhedged Unit
BTCX.U,CI Galaxy Bitcoin ETF [Usd Unhedged Unit
BTCY,Purpose Bitcoin Yield ETF
BTCY.B,Purpose Bitcoin Yield ETF
BTCY.U,Purpose Bitcoin Yield ETF USD
BTE,Baytex Energy Corp
BTO,B2Gold Corp
BU,Burcon Nutrascience Corp
BUI,Buhler Ind
BXF,CI First Asset 1 To 5 Yr Lad Gov Stp Bd
BYD,Boyd Group Services Inc
BYL,Baylin Technologies Inc
BYL.DB,Baylin Technologies Inc 6.5 Pct Debs
CACB,CIBC Active Invst Grade Corp Bond ETF
CAE,Cae Inc
CAFR,CIBC Act Invst Grade Float Rate Bond ETF
CAGG,CI Yield Enh CDN Agrt Bond ETF
CALL,Evolve US Banks Enhanced Yield ETF
CALL.B,Evolve US Banks Enhanced Yield Unheg
CALL.U,Evolve US Banks Enhanced Yld Fd ETF USD
CAR.UN,CDN Apartment Un
CARB,Horizons Carbon Credits ETF
CARE,Dialogue Health Technologies Inc
CARS,Evolve Automobile Innovation Idx Hgd ETF
CARS.B,Evolve Automobile Innovation Idx Uh ETF
CARS.U,Evolve Automobile Innovation Idx Fd USD
CAS,Cascades Inc
CASH,Horizons High Interest Savings ETF
CBCX,CI Galaxy Blockchain ETF
CBH,Ishares 1-10 Yr Laddered Corp Bond ETF
CBND,Manulife Smart Corporate Bond ETF
CBNK,Mulvihill Canadian Bank Enhanced Yield E
CBO,Ishares 1-5Yr Laddered Corp Bond ETF
CBUG,CI Digital Security ETF
CCA,Cogeco Communications Inc
CCBI,CIBC Canadian Bond Index ETF
CCEI,CIBC Canadian Equity Index ETF
CCL.A,Ccl Inc Cl A
CCL.B,Ccl Industries Inc Cl B NV
CCM,Canagold Resources Ltd
CCNS,CIBC Conservative Fixed Income Pool ETF
CCO,Cameco Corp
CCRE,CIBC Core Fixed Income Pool ETF
CCS.PR.C,Co-Operators Gen Ins Cl E Prf
CDAY,Ceridian Hcm Holdings Inc
CDIV,Manulife Smart Dividend ETF
CDLB,CI Doubleline Total Return Bnd US HD ETF
CDLB.U,CI Doubleline Total Retrn Bnd US ETF USD
CDNA,CI Bio Revolution ETF
CDR,Condor Energies Inc
CDZ,Ishares S&P TSX CDN Dividend ETF
CEE,Centamin Plc
CEF,Sprott Physical Gold Silver Trust
CEF.U,Central Fund of Canada Ltd Cl U NV
CEMI,CIBC Emerging Markets Equity Index ETF
CET,Cathedral Energy Services Ltd
CET.WT,Cathedral Energy Services Ltd Wts
CEU,Ces Energy Solutions Corp
CEW,Ishares Equal Weight Banc Lifeco ETF
CF,Canaccord Genuity Group Inc
CF.PR.A,Canaccord Genuity Group Inc Pref A
CF.PR.C,Canaccord Genuity Group Inc Pref C
CFF,Conifex Timber Inc
CFLX,CIBC Flexible Yield ETF Hedged
CFP,Canfor Corp
CFRT,CI Floating Rate Income Fund
CFW,Calfrac Well Services Ltd
CFW.WT,Calfrac Well Services Ltd WT
CFX,Canfor Pulp Products Inc
CG,Centerra Gold Inc
CGAA,CI First Asset Glb Asset Allocation ETF
CGBI,CIBC Global Bond Ex Can Idx ETF
CGG,China Gold Int Resources Corp
CGHY,CI Global High Yield Credit Private Pool
CGI,CDN General Inv
CGI.PR.D,Canadian General Inv Ltd Pref Ser 4
CGL,Ishares Gold Bullion ETF Hdg
CGL.C,Ishares Gold Bullion ETF Non Hdg
CGLO,CIBC Global Growth ETF
CGO,Cogeco Inc Sv
CGR,Ishares Global Real Estate ETF
CGRA,CI Global Real Asset Private Pool ETF
CGRE,CI Global REIT Private Pool ETF
CGX,Cineplex Inc
CGX.DB.B,Cineplex Inc Debs
CGXF,CI First Asset Gold Giants Cvr Call ETF
CGXF.U,CI Gld Giants Cvr Call ETF USD
CGY,Calian Group Ltd
CHB,Ishares US HY Fixed Income Index ETF
CHE.DB.D,Chemtrade Logistics Inc Fd 4.75 Pct Debs
CHE.DB.E,Chemtrade Logistics If 6.50 Pct Debs
CHE.DB.F,Chemtrade Logistics If 8.50 Pct Debs
CHE.DB.G,Chemtrade Logistics Incme Fund 6.25 Debs
CHE.UN,Chemtrade Logistics Income Fund
CHNA.B,CI Icbccs SP China 500 Index ETF
CHP.UN,Choice Properties REIT
CHPS,Horizons Global Semiconductor Index ETF
CHR,Chorus Aviation Inc
CHR.DB.A,Chorus Aviation Inc 5.75 Pct Debs
CHR.DB.B,Chorus Aviation Inc 6.00 Pct Debs
CHR.DB.C,Chorus Aviation Inc 5.75 Pct Debs C
CHW,Chesswood Group Ltd
CIA,Champion Iron Ltd
CIBR,First Trust Nasdaq Cybersecurity ETF
CIC,CI First Asset Canbanc Income Class ETF
CIEI,CIBC International Equity Index ETF
CIEM,CI Emerging Markets Alpha ETF
CIEM.U,CI Emerging Markets Alpha Hg ETF USD
CIF,Ishares Global Infrastructure Index ETF
CIGI,Colliers International Group Inc
CINF,CI Global Infrastructure Pvt Pool ETF
CINT,CIBC International Equity ETF
CINV,CI Global Alpha Innovation ETF
CIQ.UN,Canadian High Income Equity Fund
CIU.PR.A,Cu Inc Pref Shares
CIU.PR.C,Cu Inc Pref Ser 4
CIX,CI Financial Corp
CJ,Cardinal Energy Ltd
CJR.B,Corus Entertainment Inc Cl B NV
CJT,Cargojet Inc
CJT.DB.D,Cargojet Inc 5.75 Pct Debs
CJT.DB.E,Cargojet Inc 5.75 Pct Debs
CJT.DB.F,Cargojet Inc 5.25 Pct Debs
CKI,Clarke Inc
CKI.DB,Clarke Inc 6.25 Pct Debs
CLF,Ishares 1-5 Yr Ladder Govt Bond ETF
CLG,Ishares 1-10 Yr Ladder Govt Bond ETF
CLML,CI Global Climate Leaders Fund ETF
CLMT,Purpose Global Climate Opportunities Fun
CLP.UN,International Clean Power Dividend Fund
CLS,Celestica Inc Sv
CM,Canadian Imperial Bank of Commerce
CM.PR.O,CIBC Pref Ser 39
CM.PR.P,CIBC Pref Ser 41
CM.PR.Q,CIBC Pref Ser 43
CM.PR.S,CIBC Pref Series 47
CM.PR.T,CIBC Pref Series 49
CM.PR.Y,CIBC Pref Series 51
CMAG,CI Munro Alt Global Growth ETF
CMAG.U,CI Munro Alt Global Growth Fund USD
CMAR,CI Marret Alt Absolute Return Bnd ETF
CMCX.B,CI Galaxy Multi Crypto ETF
CMDO,CI Alternative Diversified Opp ETF
CMDO.U,CI Alternative Diversified Opp ETF USD
CMEY,CI Marret Alternative Enhanced Yield ETF
CMG,Computer Modelling Group Ltd
CMGG,CI Munro Global Gwth Equity Fund ETF CAD
CMMC,Copper Mountain Mining Corp
CMR,Ishares Premium Money Market ETF
CNAO,CI Alternative Na Opps Fund ETF
CNCC,Horizons CDN Lrg Cap Eqty Cvrd Call ETF
CNE,Canacol Energy Ltd
CNQ,Canadian Natural Resources Ltd.
CNR,Canadian National Railway Co.
CNT,Century Global Commodities Corp
COG,Condor Gold Plc
COMM,BMO Global Communications Index ETF
COPP,Horizons Copper Producers Idx ETF
COW,Ishares Global Agri Index ETF
CP,Canadian Pacific Railway Ltd
CPD,Ishares S&P TSX CDN Pref ETF
CPG,Crescent Point Energy Corp
CPH,Cipher Pharmaceuticals Inc
CPLF,Copperleaf Technologies Inc
CPLS,CIBC Core Plus Fixed Income Pool ETF
CPX,Capital Power Corp
CPX.PR.A,Capital Power Corp Pref Ser 1
CPX.PR.C,Capital Power Corp Pref Ser 3
CPX.PR.E,Capital Power Corp Pref Ser 5
CPX.PR.I,Capital Power Corp Pref Ser 9
CPX.PR.K,Capital Power Corp Pref Series 11
CR,Crew Energy Inc
CRDL,Cardiol Therapeutics Inc
CRDL.WT.A,Cardiol Therapeutics Inc Purchase WT
CRED,CI Lawrence Park Alt Invest Grd Crdt ETF
CRON,Cronos Group Inc
CROP,Purpose Credit Opportunities Fund ETF
CRP,Ceres Global Ag Corp
CRR.UN,Crombie Real Estate Investment Trust
CRRX,Carerx Corp
CRT.UN,CT Real Estate Investment Trust
CRWN,Crown Capital Partners Inc
CRWN.DB,Crown Capital Partners Inc 6.0 Pct Debs
CRYP,Purpose Crypto Opportunities ETF
CRYP.B,Purpose Crypto Opportunities Hg ETF
CS,Capstone Mining Corp
CSAV,CI First Asset High Interest Savings ETF
CSD,Ishares Short Dur HI Inc ETF CAD Hgd
CSE.PR.A,Capstone Infrastructure Corp Pref A
CSH.UN,Chartwell Retirement Residences
CSM,Clearstream Energy Services Inc
CSU,Constellation Software Inc
CSU.DB,Constellation Software Inc Debs Ser 1
CSW.A,Corby Spirit and Wine Ltd Class A
CSW.B,Corby Spirit and Wine Ltd Class B
CTC,Canadian Tire Corp Ltd
CTC.A,Canadian Tire Corp Cl A NV
CTF.UN,Citadel Income Fund
CTS,Converge Technology Solutions Corp
CTX,Crescita Therapeutics Inc
CU,Canadian Utilities Ltd Cl A NV
CU.PR.C,Canadian Utilities Ltd Pref Ser C
CU.PR.D,Canadian Utilities Ltd Pr Series Aa
CU.PR.E,Canadian Utilities Ltd Pref Ser Bb
CU.PR.F,Canadian Utilities Ltd Pref Ser CC
CU.PR.G,Canadian Utilities Ltd Pref Ser Dd
CU.PR.H,Canadian Utilities Ltd Pref Ser Ee
CU.PR.I,Canadian Utilities Ltd Pref Ser Ff
CU.PR.J,Canadian Utilities Cumulative Redeemable
CU.X,CDN Util Cl B
CUB,Cubicfarm Systems Corp
CUD,Ishares S&P US Div Growers ETF
CUEI,CIBC US Equity Index ETF
CUP.U,Caribbean Util US
CVD,Ishares Convertible Bond Index ETF
CVE,Cenovus Energy Inc
CVE.PR.A,Cenovus Energy Inc
CVE.PR.B,Cenovus Energy Inc
CVE.PR.C,Cenovus Energy Inc
CVE.PR.E,Cenovus Energy Inc
CVE.PR.G,Cenovus Energy Inc
CVE.WT,Cenovus Energy Inc WT
CVG,Clairvest Group
CVO,Coveo Solutions Inc
CWB,CDN Western Bank
CWB.PR.B,Canadian Western Bank Pref Ser 5
CWB.PR.D,Canadian Western Bank Pref Series 9
CWEB,Charlotte's Web Holdings Inc
CWL,Caldwell Partners International Inc
CWW,Ishares S&P Global Water ETF
CXB,Calibre Mining Corp
CXF,CI First Asset CDN Convert Bond ETF
CXI,Currency Exchange International Corp
CYB,Cymbria Corp Cl A
CYBR,Evolve Cyber Security Index Hgd ETF
CYBR.B,Evolve Cyber Security Index Uh ETF
CYBR.U,Evolve Cyber Security Index Uh Fund USD
CYH,Ishares Global Monthly Dividend ETF
D.UN,Dream Office REIT
DANC,Desjardins Lng Shrt Eqty Mkt Ntrl ETF
DATA,Evolve Cloud Computing Index Fund Hg ETF
DATA.B,Evolve Cloud Computing Indx Fund Uhg ETF
DBM,Doman Building Materials Group Ltd.
DBM.NT,Doman Build Materials Grp 6.375 Pct Note
DBO,Dbox Technologies Inc
DBO.WT,D Box Technologies Inc WT
DC.A,Dundee Corp Cl A Sv
DC.PR.B,Dundee Corp First Pref Ser 2
DC.PR.D,Dundee Corp Pref Ser 3
DCBO,Docebo Inc
DCC,Desjardins 1To5 Yr Lad CDN Corp Bd ETF
DCG,Desjardins 1To5 Yr Lad CDN Govt Bd ETF
DCM,Data Communications Mgmt Corp
DCP,Desjardins CDN Pref Share ETF
DCS,Desjardins CDN Short Term Bd ETF
DCU,Desjardins CDN Universe Bond Index ETF
DF,Dividend 15 Split Corp II
DF.PR.A,Dividend 15 Split Corp II Prf
DFN,Dividend 15 Split Corp
DFN.PR.A,Dividend 15 Split Corp
DFY,Definity Financial Corporation
DGR,CI Wisdomtree US Quality Div Growth
DGR.B,CI Wisdomtree US Quality Div Growth
DGRC,CI Wisdomtree CDN Qlty Div Gwth Idx ETF
DGS,Dividend Growth Split Corp Class A
DGS.PR.A,Dividend Growth Split Corp Pref
DHT.U,Dri Healthcare Trust USD
DHT.UN,Dri Healthcare Trust
DIAM,Star Diamond Corp
DII.A,Dorel Industries Inc Cl A Mv
DII.B,Dorel Industries Inc Cl B Sv
DIR.UN,Dream Industrial REIT
DISC,BMO Glb Consumer Disc Hgd To CAD ETF
DIV,Diversified Royalty Corp
DIV.DB,Diversified Royalty Corp 5.25 Pct Debs
DIV.DB.A,Diversified Royalty Corp 6.00 Pct Debs
DIVS,Evolve Active CDN Pref Share ETF
DLCG,Dominion Lending Centres Inc
DLR,Horizons US Dollar Currency ETF
DLR.U,Horizons US Dollar Currency ETF USD
DML,Denison Mines Corp
DN,Delta 9 Cannabis Inc
DND,Dye & Durham Ltd
DNG,Dynacor Gold Mines Inc
DNT,Candente Copper Corp
DNTL,Dentalcorp Holdings Ltd
DOL,Dollarama Inc
DOO,Brp Inc
DPM,Dundee Precious Metals Inc
DQD,CI Wisdomtree Y.S. Qlty Divd Gwth Var
DQI,CI Wisdomtree Intl Qlty Div Gwth Var Hgd
DR,Medical Facilities Corp
DRCU,Desjardins RI Active Canadian Bond-Low C
DRDR,Mci Onehealth Technologies Inc
DRFC,Desjardins RI Cda Multi Low Co2 ETF
DRFD,Desjardins RI Dev Ex USA Ex Cda Co2 ETF
DRFE,Desjardins Emerging Mkts Low Co2 ETF
DRFG,Desjardins Gbl Fossil Fuel Res Free ETF
DRFU,Desjardins RI USA Multi Low Co2 ETF
DRM,Dream Unlimited Corp
DRMC,Desjardins RI Canada-Low Co2 Index ETF
DRMD,Desjardins RI Dev Exusa Exca Low Co2 ETF
DRME,Desjardins RI Emrgng Mkt Low Co2 Idx ETF
DRMU,Desjardins RI USA Low Co2 Index ETF
DRR.U,Dream Residential Real Estate Investment
DRT,Dirtt Environmental Solutions Ltd
DRT.DB,Dirtt Environmental Solns Ltd 6 Pct Debs
DRT.DB.A,Dirtt Enviro Solutions Ltd 6.25 Pct Debs
DRX,Adf Group Inc Sv
DS,Dividend Select 15 Corp
DSAE,Desjardins Societerra American Eqty ETF
DSG,Descartes Sys
DTOL,D2L Inc
DXB,Dynamic Ishares Act Tactical Bond ETF
DXC,Dyn Ishares Active CDN Div ETF
DXEM,Dynamic Active Emerging Markets ETF
DXET,Dynamic Active Energy Evolution ETF
DXF,Dynamic Ishares Act Global Fin Ser ETF
DXG,Dyn Ishares Active Global Div ETF
DXIF,Dynamic Active International ETF
DXN,Dynamic Active Global Infrastructure ETF
DXO,Dyn Ishares Act Crossover Bond ETF
DXP,Dyn Ishares Active Pref Shares ETF
DXR,Dynamic Active Retirement Income+ ETF
DXT,Dexterra Group Inc
DXU,Dyn Ishares Active US Div ETF
DXV,Dyn Ishares Act Inv Grd Flot Rt ETF
DXW,Dynamic Active Intl Dividend ETF
DXZ,Dynamic Ishares Acitve US Mid Cap ETF
DYA,Dynacert Inc
E,Enterprise Group Inc
EAGR,East Side Games Group
EARN,Evolve Active Global Fixed Income ETF
EBIT,Bitcoin ETF
EBIT.U,Bitcoin ETF USD
EBNK,Evolve European Banks Enhanced Yield ETF
EBNK.B,Evolve European Banks Enhanced Yield ETF
EBNK.U,Evolve European Banks Enhanced Yield ETF
ECN,Ecn Capital Corp
ECN.DB,Ecn Capital Corp 6.0 Pct Debs
ECN.DB.A,Ecn Capital Corp 6 Pct Debs A
ECN.DB.B,Ecn Capital Corp 6.25 Pct Debs
ECN.PR.C,Ecn Capital Corp Pref Ser C
ECO,Ecosynthetix Inc
EDGE,Evolve Innovation Index ETF
EDGE.U,Evolve Innovation Index Fund Uhg ETF USD
EDGF,Brompton European Div Growth ETF
EDR,Endeavour Silver Corp
EDT,Spectral Medical Inc
EDV,Endeavour Mining Corp
EFL,Electrovaya Inc
EFN,Element Fleet Management Corp
EFN.DB.B,Element Fleet Management 4.25 Pct Debs
EFN.PR.A,Element Fleet Mgmt Corp Pref Ser A
EFN.PR.C,Element Fleet Mgmt Corp Pref Ser C
EFN.PR.E,Element Fleet Mgmt Corp Pref Ser E
EFR,Energy Fuels Inc
EFX,Enerflex Ltd
EGIF,Exemplar Growth and Income Fund ETF
EGLX,Enthusiast Gaming Holdings Inc
EHE,CI Wisdomtree Europe Hedged Equity Index
EHE.B,CI Wisdomtree Europe Hedged Equity Index
EIF,Exchange Income Corp
EIF.DB.J,Exchange Income Corp 5.35 Pct Debs
EIF.DB.K,Exchange Income Corp 5.75 Pct Debs
EIF.DB.L,Exchange Income Corp 5.25 Pct Debs
EIF.DB.M,Exchange Income Corp 5.25 Pct Debs
EINC,E Automotive Inc
EIT.PR.A,Canoe Eit Income Fund Pref Ser 1
EIT.PR.B,Canoe Eit Income Fund Pref Ser 2
EIT.UN,Canoe Eit Income Fund Units
ELD,Eldorado Gold
ELEF,Silver Elephant Mining Corp
ELF,E-L Financial
ELF.PR.F,E-L Financial Corp Ltd Pr Ser. 1
ELF.PR.G,E- L Financial Corp Ltd
ELF.PR.H,E - L Financial Corp Ltd Pref Ser 3
ELR,Eastern Platinum Ltd
ELV,Powershares S&P Emg Mkts Low Vol ETF
EMA,Emera Incorporated
EMA.PR.A,Emera Inc Series A Pref
EMA.PR.B,Emera Inc Pref Sh Series B
EMA.PR.C,Emera Inc Pref Sh Series C
EMA.PR.E,Emera Inc Pref Ser E
EMA.PR.F,Emera Inc Series F Pref
EMA.PR.H,Emera Inc Pref Series H
EMA.PR.J,Emera Inc
EMA.PR.L,Emera Inc.
EMP.A,Empire Company Ltd
EMV.B,CI Wisdomtree Emerging Mkt Divd Index
ENB,Enbridge Inc
ENB.PF.A,Enbridge Inc Pref Ser 9
ENB.PF.C,Enbridge Inc Pref Ser 11
ENB.PF.E,Enbridge Inc Pref Ser 13
ENB.PF.G,Enbridge Inc Pref Ser 15
ENB.PF.K,Enbridge Inc Pref Series 19
ENB.PF.U,Enbridge Inc Pref Ser L
ENB.PF.V,Enbridge Inc Pref Ser 5 USD
ENB.PR.A,Enbridge Pr
ENB.PR.B,Enbridge Inc Cum Redeem Pref Ser B
ENB.PR.D,Enbridge Inc Pref Ser D
ENB.PR.F,Enbridge Inc Pref Ser F
ENB.PR.H,Enbridge Inc Pref Ser H
ENB.PR.J,Enbridge Inc Pref Ser 7
ENB.PR.N,Enbridge Inc Pref Ser N
ENB.PR.P,Enbridge Inc Pref Ser P
ENB.PR.T,Enbridge Inc Pref Ser R
ENB.PR.V,Enbridge Inc Pref Ser 1
ENB.PR.Y,Enbridge Inc Cum Red Pref Ser 3
ENCC,Horizons CDN Oil Gas Eqty Cvrd Call ETF
ENGH,Enghouse Systems Ltd
ENI.UN,Energy Income Fund
ENS,E Split Corp
ENS.PR.A,E Split Corp Pref Shares
EOX,Euromax Resources Ltd
EPRX,Eupraxia Pharmaceuticals Inc
EPRX.WT,Eupraxia Pharmaceuticals Inc WT
EPRX.WT.A,Eupraxia Pharmaceuticals Inc. WT
EQB,Eqb Inc
EQB.PR.C,Equitable Group Inc Pref Ser 3
EQB.R,Equitable Group Inc Sub Receipts
EQL,Invesco S&P 500 Eql Weight Idx ETF
EQL.F,Invesco S&P 500 Eql Weight Idx ETF Hgd
EQL.U,Invesco S&P 500 Eql Weight Idx ETF USD
EQX,Equinox Gold Corp
ERD,Erdene Resource Development Corp
ERE.UN,European Residential Real Estate Invs.
ERF,Enerplus Corp
ERO,Ero Copper Corp
ESG,Invesco S&P 500 ESG Index ETF
ESG.F,Invesco S&P 500 ESG Index ETF Hedged
ESGA,BMO MSCI Canada ESG Leaders Index ETF
ESGB,BMO ESG Corporate Bond Index ETF
ESGC,Invesco SP TSX Composite ESG Index ETF
ESGE,BMO MSCI EAFE ESG Leaders Index ETF
ESGF,BMO ESG US Corp Bnd Hdgd To CAD Idx ETF
ESGG,BMO MSCI Global ESG Leaders Index ETF
ESGH.F,BMO ESG Hgh Yld US Corp Bond Idx ETF Hgd
ESGY,BMO MSCI USA ESG Leaders Index ETF
ESGY.F,BMO MSCI USA ESG Leaders Index ETF
ESI,Ensign Energy Services Inc
ESM,Euro Sun Mining Inc
ESN,Essential Energy Services Ltd
ET,Evertz Technologies Ltd
ETC,Evolve Cryptocurrencies ETF
ETC.U,Evolve Cryptocurrencies ETF USD
ETG,Entree Resources Ltd
ETHH,Purpose Ether CAD ETF
ETHH.B,Purpose Ether Non-Cur Hedg ETF
ETHH.J,Purpose Ether Carbon Offset ETF
ETHH.U,Purpose Ether ETF USD
ETHI,Horizons Global Sustain Leaders Idx ETF
ETHQ,3iQ Coinshares Ether ETF
ETHQ.U,3iQ Coinshares Ether ETF USD
ETHR,Ether Unhedg ETF
ETHR.U,Ether ETF USD
ETHX.B,CI Galaxy Unhedg Ethereum ETF
ETHX.U,CI Galaxy Ethereum ETF USD
ETHY,Purpose Ether Yield ETF
ETHY.B,Purpose Ether Yield ETF
ETHY.U,Purpose Ether Yield ETF USD
ETP,First Trust Global Risk Managed Inc ETF
EUR,First Trust Alphadex Euro Div ETF
EVT,Economic Investment
EXE,Extendicare Inc
EXE.DB.C,Extendicare Inc 5 Pct Debs
EXN,Excellon Resources Inc
EXRO,Exro Technologies Inc
EXRO.WT,Exro Technologies Inc
FAF,Fire & Flower Holdings Corp
FANS,Fansunite Entertainment Inc
FAP,Aberdeen Asia-Pacific Income Invest Ltd
FAR,Foraco International Sa
FBGO,Franklin Brandywine Glbl Sust Act ETF
FBT,First Trust NYSE Arca Biotechnology ETF
FBTC,Fidelity Advantage Bitcoin ETF
FBTC.U,Fidelity Advantage Bitcoin ETF USD
FC,Firm Capital Mortgage Inv. Corp
FC.DB.F,Firm Capital Mortgage 5.50 Pct Debs
FC.DB.G,Firm Capital Mortgage Inv 5.20 Pct Debs
FC.DB.H,Firm Capital Mortgage 5.30 Pct Debs
FC.DB.I,Firm Capital Mtg Inv Corp 5.40 Pct Debs
FC.DB.J,Firm Capital Mtg Inv Corp 5.5 Pct Debs
FC.DB.K,Firm Capital Mrtg Invest Corp 5 Pct Debs
FC.DB.L,Firm Capital Mrtg Invest Corp 5 Pct Debs
FCCB,Fidelity Systematic CDN Bond Index ETF
FCCD,Fidelity CDN High Div Index ETF
FCCL,Fidelity Canadian Low Vol Index ETF
FCCM,Fidelity Canadian Momentum Index ETF
FCCQ,Fidelity Canadian High Quality Index ETF
FCCV,Fidelity Canadian Value Index ETF
FCD.UN,Firm Capital Property Trust
FCGB,Fidelity Global Core Plus Bond ETF
FCGB.U,Fidelity Global Core Plus Bond ETF USD
FCGI,Fidelity Global Monthly High Income ETF
FCID,Fidelity Intl High Dividend Index ETF
FCIG,Fidelity Global Investment Grade Bnd ETF
FCIG.U,Fidelity Global Investmnt Gr Bnd ETF USD
FCII,Franklin Clearbridge Sust Glbl Act ETF
FCIL,Fidelity Intl Low Vol Index ETF
FCIM,Fidelity International Momentum Idx ETF
FCIQ,Fidelity Intl High Quality Index ETF
FCIQ.U,Fidelity Intl High Quality Index ETF USD
FCIV,Fidelity International Value Index ETF
FCLH,Fidelity US Low Vol Cur Ntrl Index ETF
FCMH,Fidelity US Momentum Cur Neut Index ETF
FCMI,Fidelity CDN Monthly High Income ETF
FCMO,Fidelity US Momentum Index ETF
FCQH,Fidelity US High Qlty Cur Ntrl Index ETF
FCR.UN,First Capital REIT Units
FCRH,Fidelity US Div Rising Rates Cur Neu Idx
FCRR,Fidelity US Div For Rising Rates Idx ETF
FCRR.U,Fidelityus Div For Risng Rt Idx ETF USD
FCSB,Fidelity Canadian Short Term Corp Bd ETF
FCSI,Franklin Clearbridge Sust Intl Act ETF
FCU,Fission Uranium Corp
FCUD,Fidelity US High Div Index ETF
FCUD.U,Fidelity US High Div Index ETF USD
FCUH,Fidelity US High Div Cur Neu Idx ETF
FCUL,Fidelity US Low Vol Index ETF
FCUQ,Fidelity US High Quality Index ETF
FCUQ.U,Fidelity US High Quality Index ETF USD
FCUV,Fidelity US Value Index ETF
FCUV.U,Fidelity US Value Index ETF USD
FCVH,Fidelity US Value Currency Neut Idx ETF
FDE,First Trust Alphadex Emg Mkt Div ETF CAD
FDGE,Farmers Edge Inc
FDL,First Trust Morningstar Div Ldrs ETF Hgd
FDN,First Trust Dow Jones Internet ETF
FDN.F,First Trust Dow Jones Internet ETF Hgd
FEBB.F,First Trust CBOE Vest US Eqty ETF Feb
FEC,Frontera Energy Corp
FF,First Mining Gold Corp
FFH,Fairfax Financial Holdings Ltd
FFH.PR.C,Fairfax Fncl Holdings Ltd Pref Ser C
FFH.PR.D,Fairfax Fncl Holdings Ltd Pref Ser D
FFH.PR.E,Fairfax Financial Hldngs Pref Ser E
FFH.PR.F,Fairfax Financial Holdings Pref Ser F
FFH.PR.G,Fairfax Financial Hldngs Pref Ser G
FFH.PR.H,Fairfax Fncl Holdings Ltd Pref Ser H
FFH.PR.I,Fairfax Financial Holdings Series I Pref
FFH.PR.J,Fairfax Fncl Holdings Ltd Pref Ser J
FFH.PR.K,Fairfax Financial Holdings Pref Ser K
FFH.PR.M,Fairfax Financial Holdings Pref Ser M
FFH.U,Fairfax Financial Holdings Ltd USD
FFN,North American Financial 15 Split Corp
FFN.PR.A,North American Fin 15 Split Corp Pref
FGAA.U,Fg Acquisition Corp
FGAA.WT.U,Fg Acquisition Corp. Warrants
FGB,CI First Asset Shrt Term Govt Bond Indx
FGGE,Franklin Global Growth Active ETF
FGO,CI First Asset Enhanced Govt Bond ETF
FGO.U,CI First Asset Enhanced Govt Bond ETF
FHG,First Trust US Industrials ETF
FHG.F,First Trust Ad US Industrials ETF
FHH,First Trust US Health Care ETF
FHH.F,First Trust Ad US Health Care ETF
FHI,CI First Asset Hlth Care Giants Cov Call
FHI.B,CI First Asset Hlth Care Giants Cov Call
FHI.U,CI Hlth Care Giant Cov Call ETF USD
FHIS,Franklin Bissett Ultra Short Bond Active
FHQ,First Trust US Technology ETF
FIE,Ishares CDN Fin Mthly Income ETF
FIG,CI First Asset Investment Grade Bond ETF
FIH.U,Fairfax India Holdings Corp USD
FIL,Filo Mining Corp
FINO,Franklin Innovation Active ETF
FINT,First Trust Intl Capital Strength ETF
FLBA,Franklin Liberty Core Balanced ETF
FLCI,Franklin Liberty CDN Invest Grd Corp ETF
FLCP,Franklin Liberty Core Plus Bond ETF
FLDM,Franklin Libertyqt Intl Eqt Index ETF
FLEM,Franklin Libertyqt Emerging Mkts Idx ETF
FLGA,Franklin Liberty Global Agg Bond ETF
FLGD,Franklin Libertyqt Glb Dividend Idx ETF
FLI,CI First Asset US Cda Lifeco Income ETF
FLOW,Flow Beverage Corp
FLOW.WT,Flow Beverage Corp
FLRM,Franklin Liberty Risk Mngd CDN Eqt ETF
FLSD,Franklin Liberty Short Duration Bond ETF
FLUI,Franklin Liberty US Invest Grd Corp ETF
FLUS,Franklin Libertyqt US Eqt Index ETF
FLX,Purpose Glbl Flexible Credit Fnd ETF
FLX.U,Purpose Glbl Flexible Credit Fnd ETF USD
FM,First Quantum Minerals Ltd
FN,First National Financial Corp
FN.PR.A,First National Financial Corp Pref A
FN.PR.B,First National Financial Corp Pref B
FNV,Franco-Nevada Corp
FOOD,Goodfood Market Corp
FOOD.DB.A,Goodfood Market Corp. 5.75%
FORA,Verticalscope Holdings Inc
FORZ,Forza Petroleum Ltd
FOUR,Horizons Industry 4.0 Index ETF
FPR,CI First Asset Pref Share ETF
FQC,CI First Asset MSCI Can Quality Index
FR,First Majestic Silver Corp Common
FRII,Freshii Inc
FRU,Freehold Royalties Ltd
FRX,Fennec Pharmaceuticals Inc
FSB,CI First Asset Enhanced Sh Dur Bond ETF
FSB.U,CI First Asset Enhanced Sh Dur Bond ETF
FSF,CI First Asset Global Financial Sector
FSL,First Trust Senior Loan ETF
FST,First Trust CDN Capital Strength ETF
FSV,Firstservice Corp
FSY,Forsys Metals Corp
FSZ,Fiera Capital Corp
FSZ.DB.A,Fiera Capital Corp 5.60 Pct Debs
FT,Fortune Mnrl J
FTB,First Trust Tactical Bond Index ETF
FTG,Firan Technology Group Corp
FTN,Financial 15 Split Corp
FTN.PR.A,Financial 15 Split Corp
FTS,Fortis Inc
FTS.PR.F,Fortis Inc Pref Shares Series F
FTS.PR.G,Fortis Inc First Pref Ser G
FTS.PR.H,Fortis Inc Pref Ser H
FTS.PR.I,Fortis Inc Pref Ser I
FTS.PR.J,Fortis Inc Pref Ser J
FTS.PR.K,Fortis Inc Pref Ser K
FTS.PR.M,Fortis Inc Pref Ser M
FTT,Finning Intl
FTU,US Financial 15 Split Corp
FTU.PR.B,US Finl 15 Split 2012 Pref Sh
FUD,First Trust Alphadex US Div ETF CAD Hdg
FURY,Fury Gold Mines Ltd
FVI,Fortuna Silver Mines Inc
FVI.DB.U,Fortuna Silver Mines Inc 4.65 Pct Debs
FVL,Freegold Ventures Ltd
FWCP,Franklin Western Asset Core Bnd Actv ETF
FXM,CI First Asset Morningstar Cda Value ETF
G,Augusta Gold Corp
GATO,Gatos Silver Inc
GAU,Galiano Gold Inc
GBAL,Ishares ESG Balanced ETF
GBAR,Monarch Mining Corp
GBT,Bmtc Group Inc
GCBD,Guardian Canadian Bond ETF
GCG,Guardian Capital
GCG.A,Guardian Capital Group Ltd Cl A NV
GCL,Colabor Group Inc
GCM,Gran Colombia Gold Corp
GCM.WT.B,Gran Colombia Gold Corp WT B
GCNS,Ishares ESG Conservative Balanced ETF
GCSC,Guardian Canadian Sector Controlled Equi
GDC,Genesis Land J
GDEP,Guardian Directed Equity Path ETF
GDEP.B,Guardian Directed Equity Path ETF Unhdg
GDI,Gdi Integrated Facility Services Inc
GDL,Goodfellow Inc
GDPY,Guardian Directed Premium Yield ETF
GDPY.B,Guardian Directed Premium Yield ETF Uh
GDV,Global Dividend Growth Split Corp
GDV.PR.A,Global Dividend Growth Split Corp Pref A
GEI,Gibson Energy Inc
GENM,Generation Mining Ltd
GEO,Geodrill Ltd
GEQT,Ishares ESG Equity ETF
GFL,Gfl Environmental Inc
GFP,Greenfirst Forest Products Inc
GGA,Goldgroup Mining Inc
GGAC,Guardian Fundmntl All Country Equity ETF
GGD,Gogold Resources Inc
GGEM,Guardian Fundmntl Emrgng Mkts Equity ETF
GGRO,Ishares ESG Growth ETF
GH,Gamehost Inc
GIB.A,CGI Group Inc Cl A Sv
GIGR,Guardian I3 Global REIT Hedg ETF
GIGR.B,Guardian I3 Global REIT Unhedg ETF
GIL,Gildan Activewear Inc
GIQG,Guardian I3 Global Quality Growth ETF
GIQG.B,Guardian I3 Global Quality Growth ETF
GIQU,Guardian I3 US Quality Growth Hedg ETF
GIQU.B,Guardian I3 US Quality Growth Unhedg ETF
GIVX,Givex Information Technology Group Ltd
GLCC,Horizons Gold Prod Eqty Cvrd Call ETF
GLG,Glg Life Tech Corp
GLO,Global Atomic Corp
GLXY,Galaxy Digital Holdings Ltd
GMTN,Gold Mountain Mining Corp
GMX,Globex Mining Enterprises Inc
GOGR,Osisko Green Acquisition Limited Cl A
GOGR.WT,Osisko Green Acquisition Limited Wts
GOLD,Goldmining Inc
GOOS,Canada Goose Holdings Inc
GPR,Great Panther Silver Ltd
GRA,Nanoxplore Inc
GRC,Gold Springs Resource Corp
GRID,Tantalus Systems Holding Inc
GRN,Greenlane Renewables Inc
GRNI,BMO Brookfield Gbl Rnwbls Infra Fund ETF
GRT.UN,Granite Real Estate Investment Trust
GSY,Goeasy Ltd
GTE,Gran Tierra Energy Inc
GTMS,Greenbrook Tms Inc
GUD,Knight Therapeutics Inc
GURU,Guru Organic Energy Corp
GVC,Glacier Media Inc
GWO,Great-West Lifeco Inc
GWO.PR.G,Great-West Lifeco Inc Pr. G
GWO.PR.H,Great-West Lifeco Inc 4.85 % Pr.Ser H
GWO.PR.I,Great-West Lifeco Inc Prf Series I
GWO.PR.L,Great-West Lifeco Inc Pref Ser L
GWO.PR.M,Great West Lifeco Pref Ser M
GWO.PR.N,Great West Lifeco Inc Pref Srs N
GWO.PR.P,Great West Lifeco Inc 5.4 Pct Pref Sh
GWO.PR.Q,Great West Lifeco Pref Ser Q
GWO.PR.R,Great West Lifeco Inc Ser R
GWO.PR.S,Great West Lifeco Pref Ser S
GWO.PR.T,Great West Lifeco Pref Ser T
GWO.PR.Y,Great-West Lifeco Inc.
GWR,Global Water Resources Inc
GXE,Gear Energy Ltd
H,Hydro One Ltd
HAB,Horizons Active Corporate Bond ETF
HAC,Horizons Seasonal Rotation ETF
HAD,Horizons Active CDN Bond ETF
HAF,Horizons Active Global Fixed Income ETF
HAI,Haivision Systems Inc
HAL,Horizons Active CDN Dividend ETF
HARB,Horizons Tactical Absolute Rtrn Bnd ETF
HARB.J,Horizons Tactical Abslt Rtn Bnd Div ETF
HARB.U,Horizons Tctl Absolute Rtrn Bnd ETF USD
HAZ,Horizons Active Global Dividend ETF
HBA,Hamilton Australian Banks Equal-Weight
HBAL,Horizons Balanced Tri ETF
HBB,Horizons CDN Select Universe Bond ETF
HBD,Betapro Gold Bullion 2X Daily Bear ETF
HBF,Harvest Brand Leaders Plus Income ETF
HBF.B,Harvest Brand Leaders Plus Inc ETF Unh
HBF.U,Harvest Brand Leaders Plus Income ETF
HBGD,Horizons Big Data Hardware Idx ETF
HBIT,Betapro Bitcoin ETF
HBIT.U,Betapro Bitcoin ETF USD
HBKD,Betapro Equal Weight Canadian Bank -2X
HBKU,Betapro Equal Weight Canadian Bank 2X
HBLK,Blockchain Technologies ETF
HBM,Hudbay Minerals Inc
HBP,Helix Biopharm
HBU,Betapro Gold Bullion 2X Daily Bull ETF
HBUG,Horizons Gx Cybersecurity Index ETF Clas
HCA,Hamilton Canadian Bank Mean Reversion
HCAL,Hamilton Canadian Bank ETF
HCG,Home Capital Group Inc
HCLN,Harvest Clean Energy ETF
HCON,Horizons Conservative Tri ETF
HCRE,Horizons Eql Wght Can REIT Index ETF
HDGE,Accelerate Absolute Return Hdg Fund ETF
HDI,Hardwoods Distribution Inc
HDIF,Harvest Diversified Monthly Income ETF
HDIV,Hamilton Enhanced Multi-Sector Covered
HDOC,Horizons Gx Telemedicine and Digital Hea
HEAL,Purpose Healthcare Innovation Yield ETF
HED,Betapro S&P TSX Cap Engy 2X Dly Bear ETF
HEMC,Horizons Emerging Markets Leaders ETF
HEO,H2O Innovation Inc
HERO,Evolve E Gaming Index ETF
HEU,Betapro S&P TSX Cap Engy 2X Dly Bull ETF
HEWB,Horizons Eql Wght Can Banks Index ETF
HEXO,Hexo Corp
HEXO.WT.A,Hexo Corp. WT
HFD,Betapro S&P TSX Cap Fncl 2X Dly Bear ETF
HFG,Hamilton Global Financials ETF
HFIN,Hamilton Enhanced Canadian Financials Et
HFPC.U,Helios Fairfax Partners Corp
HFR,Horizons Active Floating Rate Bond ETF
HFT,Hamilton Financials Innovation ETF
HFU,Betapro S&P TSX Cap Fncl 2X Dly Bull ETF
HGD,Betapro CDN Gold Miners 2X Dly Bear ETF
HGGB,Horizons SP Green Bond Index ETF
HGGG,Harvest Global Gold Giants Index ETF
HGR,Harvest Global REIT Leaders Income ETF
HGRO,Horizons Growth Tri ETF
HGU,Betapro CDN Gold Miners 2X Dly Bull ETF
HGY,Horizons Gold Yield ETF
HHL,Harvest Healthcare Leaders Income ETF
HHL.B,Harvest Healthcare Leaders Inc ETF Unh
HHL.U,Harvest Healthcare Leaders Income ETF
HIG,Brompton Global Healthcare Inc & Gth ETF
HISU.U,US High Interest Savings Account Fnd ETF
HIU,Betapro Sp500 Daily Inverse ETF
HIX,Betapro S&P TSX 60 Daily Inverse ETF
HLF,High Liner
HLIF,Harvest Canadian Equity Income Leaders E
HLIT,Horizons Global Lithium Producer Idx ETF
HLPR,Horizons Laddered CDN Pref Index ETF
HLS,Hls Therapeutics Inc
HMJI,Betapro Marijuana Cos Inverse ETF
HMJU,Betapro Marijuana Cos 2X Daily Bull ETF
HMM.A,Hammond Manufacturing Co. Ltd Cl A. Sv
HMMJ,Horizons Marijuana Life Sciences ETF
HMMJ.U,Horizons Marijuana Life Sciences Idx USD
HMP,Horizons Active CDN Municipal Bond ETF
HND,Betapro Nat Gas 2X Daily Bear ETF
HNU,Betapro Nat Gas 2X Daily Bull ETF
HOD,Betapro Crude Oil 2X Daily Bear ETF
HOG,Horizons CDN Midstream Oil Gas ETF
HOM.U,Bsr Real Estate Investment Trust
HOM.UN,Bsr Real Estate Investment Trust
HOT.DB.V,American Hotel Income Prp REIT 6 Pct Deb
HOT.U,American Hotel Income Properties REIT US
HOT.UN,American Hotel Income Properties REIT LP
HOU,Betapro Crude Oil 2X Daily Bull ETF
HPF,Harvest Energy Leaders Plus Income ETF
HPF.U,Harvest Energy Leaders Plus Income ETF
HPR,Horizons Active Pref Share ETF
HPS.A,Hammond Power Solutions Inc Cl A. Sv
HQD,Betapro Nasdaq 100 2X Daily Bear ETF
HQD.U,Betapro Nasdaq 100 2X Daily Bear ETF USD
HQU,Betapro Nasdaq 100 2X Daily Bull ETF
HR.UN,H&R Real Estate Inv Trust
HRAA,Horizons Resolve Adptv Asset Alloc ETF
HRED,Betapro Eql Wgt CDN REIT 2X Dly Bear ETF
HREU,Betapro Eql Wgt CDN REIT 2X Dly Bull ETF
HRR.UN,Australian REIT Income Fund
HRX,Heroux-Devtek
HSAV,Horizons Cash Maximizer ETF
HSD,Betapro Sp500 2X Daily Bear ETF
HSH,Horizons Sp500 CAD Hedged Index ETF
HSL,Horizons Active Float Rate Sen Loan ETF
HSU,Betapro Sp500 2X Daily Bull ETF
HSUV.U,Horizons USD Cash Maximizer ETF USD
HTA,Harvest Tech Achievers Growth & Income
HTA.B,Harvest Tech Achievers Grwth Inc ETF Unh
HTA.U,Harvest Tech Achievers Growth & Income
HTB,Horizons US 7 To 10 Yr Treasury Bond ETF
HTB.U,Horizons US 7 To 10 Yr Treas Bd ETF USD
HUBL,Harvest US Bank Leaders Income ETF
HUBL.U,Harvest US Bank Leaders Income ETF USD
HUC,Horizons Crude Oil ETF
HUF,Horizons Active US Float Rate Bd ETF CAD
HUF.U,Horizons Active US Floating Rate Bd ETF
HUG,Horizons Gold ETF
HULC,Horizons US Large Cap Index ETF
HULC.U,Horizons US Large Cap Index ETF USD
HUM,Hamilton U.S. Mid/Small-Cap Financials E
HUM.U,Hamilton US Mid Small Cap Fincls ETF USD
HUN,Horizons Natural Gas ETF
HURA,Horizons Global Uranium Index ETF
HUT,Hut 8 Mining Corp
HUT.WT.A,Hut 8 Mining Corp WT A
HUTL,Harvest Eql Wght Glb Util Income ETF
HUTS,Hamilton Enhanced Utilities ETF
HUV,Betapro Sp500 VIX ST Ftrs ETF
HUZ,Horizons Silver ETF
HVAX,Horizons Glbl Vaccs Infect Diseases ETF
HWF,Middlefield Health Wellness ETF
HWO,High Arctic Energy Services Inc
HWX,Headwater Exploration Inc
HXCN,Horizons SP TSX Capped Comp Index ETF
HXD,Betapro S&P TSX 60 2X Daily Bear ETF
HXDM,Horizons Intl Dev Mkts Equity Index ETF
HXDM.U,Horizons Intl Dev Mkts Eqty Idx USD ETF
HXE,Horizons S&P TSX Capped Energy Index ETF
HXEM,Horizons Emerging Mkts Equity Index ETF
HXF,Horizons S&P TSX Capped Fncl Index ETF
HXH,Horizons CDN High Dividend Index ETF
HXQ,Horizons Nasdaq 100 Index ETF
HXQ.U,Horizons Nasdaq 100 Index ETF USD
HXS,Horizons S&P 500 Index ETF
HXS.U,Horizons S&P 500 Index ETF USD
HXT,Horizons S&P Tsx60 Index ETF
HXT.U,Horizons S&P TSX 60 Index ETF USD
HXU,Betapro S&P TSX 60 2X Daily Bull ETF
HXX,Horizons Euro Stoxx 50 Index ETF
HYBR,Horizons Active Hybrd Bond Prf Share ETF
HYDR,Horizons Global Hydrogen Index ETF
HYI,Horizons Active High Yield Bond ETF
HYLD,Hamilton Enhanced U.S. Covered Call ETF
HYLD.U,Hamilton Enhanced US Coverd Call ETF USD
HZD,Betapro Silver 2X Daily Bear ETF
HZM,Horizonte Minerals Plc
HZU,Betapro Silver 2X Daily Bull ETF
IAF.PR.B,Industrial Alliance Cl A Pref Ser B
IAF.PR.I,Industrial Alliance Cl A Pref Ser I
IAG,IA Financial Corp Inc
IAU,I-80 Gold Corp
IBG,Ibi Group Inc
IBG.DB.E,Ibi Group Inc 6.50% Listed Senior
ICE,Canlan ICE Sports Corp
ICPB,IA Clarington Core Plus Bond Fund
IDG,Indigo Books & Music Inc
IE,Ivanhoe Electric Inc
IFA,Ifabric Corp
IFC,Intact Financial Corp
IFC.PR.A,Intact Financial Corp Pref Cl A
IFC.PR.C,Intact Financial Corp Pref Cl A
IFC.PR.E,Intact Financial Corp Pref Cl A Ser 5
IFC.PR.F,Intact Financial Corp Pref Shares Ser 6
IFC.PR.G,Intact Financial Corp Pref Shares Ser 7
IFC.PR.I,Intact Financial Corp Pref Shares Ser 9
IFC.PR.K,Intact Financial Corp
IFP,Interfor Corp
IFRF,IA Clarington Floating Rate Income ETF
IGAF,IA Clarington Global Allocation Fund ETF
IGB,Purpose Mngd Duration Invest Bond ETF
IGCF,Pimco Investment Grade Credit Fund
IGM,Igm Financial Inc
IGX,Intelgenx Technologies Corp
IGX.WT,Intelgenx Technologies Corp WT
IICE,Invesco SP Intl Developed ESG ETF
III,Imperial Metals Corp
IIP.UN,Interrent Real Estate Investment Trust
IITE,Invesco SP Intl Develped ESG Tilt ETF
ILGB,IA Clarington Loomis Global Multisector
ILV,Invesco SP Intl Dev Low Vol Idx ETF
ILV.F,Invesco SP Intl Dev Low Vol ETF Hedged
IMG,Iamgold Corp
IMO,Imperial Oil
IMP,Intermap Tech Corp
IMV,Imv Inc
INC.UN,Income Fin Un
INCR.U,Intercure Ltd
INE,Innergex Renewable Energy Inc
INE.DB.B,Innergex Renewable Energy 4.75 Pct Debs
INE.DB.C,Innergex Renewable Energy 4.65 Pct Debs
INE.PR.A,Innergex Renewable Energy Pref Ser A
INE.PR.C,Innergex Renewable Energy Inc Pref Ser C
INO.UN,Inovalis REIT
INOC,Horizons Inovestor CDN Equity Index ETF
INQ,Inscape Corp Sv
IPCI,Intellipharmaceutics International Inc
IPCO,International Petroleum Corp
IPO,Inplay Oil Corp
IQD,CI Wisdomtree Intl Qlty Divd Growth
IQD.B,CI Wisdomtree Intl Qlty Divd Growth
ISIF,IA Claringtion Strategic Income Fund ETF
ISV,Information Services Corp
ITE,I3 Energy Plc
ITH,International Tower Hill Mines Ltd
IUTE,Invesco SP US Total Mkt ESG Tilt ETF
IVN,Ivanhoe Mines Ltd
IVQ,Invesque Inc CAD
IVQ.DB.U,Invesque Inc 5.00 Pct Debs
IVQ.DB.V,Invesque Inc 6.00 Pct Debs USD
IVQ.U,Invesque Inc
IWBE,Invesco ESG Global Bond ETF
IXTE,Invesco SP TSX 60 ESG Tilt Index ETF
JAG,Jaguar Mining Inc
JAPN,CI Wisdomtree Japan Equity Index ETF
JAPN.B,CI Wisdomtree Japan Equity Index ETF
JFS.UN,Jft Strategies Fund
JOY,Journey Energy Inc
JWEL,Jamieson Wellness Inc
K,Kinross Gold Corp
KBL,Kbro Linen Inc
KEC,Kiwetinohk Energy Corp
KEG.UN,Keg Royalties Income Fund
KEI,Kolibri Global Energy Inc
KEL,Kelt Exploration Ltd
KEY,Keyera Corp
KILO,Purp Gold Bullion Tu
KILO.B,Purpose Gold Bullion Fund Non Hedged
KILO.U,Purpose Gold Bullion Fund Non Hedged USD
KITS,Kits Eyecare Ltd
KLS,Kelso Technologies Inc
KMP.UN,Killam Apartment REIT
KNT,K92 Mining Inc
KPT,Kp Tissue Inc
KRN,Karnalyte Resources Inc
KRR,Karora Resources Inc
KSI,Kneat.com Inc
KXS,Kinaxis Inc
L,Loblaw CO
L.PR.B,Loblaw Companies Ltd 2nd Pref Ser B
LABS,Medipharm Labs Corp
LAC,Lithium Americas Corp
LAM,Laramide Resources Ltd
LAS.A,Lassonde Industries Inc Cl A Sv
LB,Laurentian Bank
LB.PR.H,Laurentian Bank of Cda Pr Ser 13
LBS,Life & Banc Split Corp
LBS.PR.A,Life & Banc Split Corp
LCFS,Tidewater Renewables Ltd
LCS,Brompton Lifeco Split Corp Class A
LCS.PR.A,Brompton Lifeco Split Corp Pref Shares
LEAD,Evolve Future Leadership ETF Hedged
LEAD.B,Evolve Future Leadership ETF Unhedged
LEAD.U,Evolve Future Leadership ETF Uh USD
LEV,Lion Electric CO [The]
LEV.WT,The Lion Electric Company WT
LFE,Canadian Life Companies Split Corp
LFE.PR.B,Canadian Life Split 2012 Pref Sh
LGD,Liberty Gold Corp
LGO,Largo Resources Ltd
LGT.A,Logistec Corp Cl A Mv
LGT.B,Logistec Corp Cl B Sv
LIF,Labrador Iron Ore Royalty Corp
LIFE,Evolve Global Healthcare Enhance Yld ETF
LIFE.B,Evolve Global Healthcare Enhance Yld
LIFE.U,Evolve Global Healthcare Yld Fund ETF
LN,Loncor Gold Inc
LNF,Leons Furniture
LNR,Linamar Corp
LONG,CI Global Longevity Economy Fund ETF
LPEN,Loop Energy Inc
LSPD,Lightspeed Commerce Inc.
LSPK,Lifespeak Inc
LUC,Lucara Diamond Corp
LUG,Lundin Gold Inc
LUN,Lundin Mining Corp
LWRK,Lifeworks Inc
LXR,Lxrandco Inc
LYFR,Lysander-Canso Floating Rate Activetf
MAG,MAG Silver Corp
MAGT,Magnet Forensics Inc
MAL,Magellan Aero
MARI,Marimaca Copper Corp
MAV,Mav Beauty Brands Inc
MAW,Mawson Resources Ltd
MAXR,Maxar Technologies Inc
MAYB.F,First Trust CBOE Vst US Eq Bf Hg ETF May
MBA,Cibt Education Group Inc
MBAL,Mackenzie Balanced Allocation ETF
MBX,Microbix J
MCB,Mccoy Global Inc
MCLC,Manulife Mltfactor CDN Large Cap Uh ETF
MCON,Mackenzie Conservative Allocation CAD
MCSB,Mackenzie CDN Short Term Fixed Inc ETF
MCSM,Manulife Mulfact CDN Smid Cap Idx ETF
MDA,Mda Ltd
MDF,Mdf Commerce Inc
MDI,Major Drilling Grp
MDIV,Middlefield Sustainable Global Dividend
MDNA,Medicenna Therapeutics Corp
MDP,Medexus Pharmaceuticals Inc
MDP.DB,Medexus Pharmaceuticals Inc 6.0 Pct Debs
MDS.UN,Healthcare Special Opp Fund
MDVD,Mackenzie Global Sustainable Div Idx ETF
ME,Moneta Gold Inc
MEE,Mackenzie Max Diverse Emg Mkts ETF
MEG,Meg Energy Corp
MEME.B,Manulife Multifactor Emerg Mkts Idx ETF
MEQ,Mainstreet Eq J
MESH,Evolve Metaverse ETF
MEU,Mackenzie Max Diversif Dev EUR ETF
MFC,Manulife Fin
MFC.PR.B,Manulife Financial Cl A Pref Ser 2
MFC.PR.C,Manulife Financial Cl A Pref Ser 3
MFC.PR.F,Manulife Financial Cl 1 Sh Ser 3
MFC.PR.I,Manulife Financial Pref Ser 9
MFC.PR.J,Manulife Financial Class 1 Ser 11
MFC.PR.K,Manulife Financial Pref Ser 13
MFC.PR.L,Manulife Financial Pref Ser 15
MFC.PR.M,Manulife Financial Pref Ser 17
MFC.PR.N,Manulife Financial Pref Ser 19
MFC.PR.P,Manulife Financial Class 1 Sh Ser 4
MFC.PR.Q,Manulife Financial Corp Pref Series 25
MFI,Maple Leaf Foods
MFT,Mackenzie Floating Rate Income ETF
MG,Magna International Inc
MGA,Mega Uranium Ltd
MGAB,Mackenzie Global Fixed Income Alloc ETF
MGB,Mackenzie Core Pls Glob Fixed Inc ETF
MGRW,Mackenzie Growth Allocation ETF
MHC.U,Flagship Communities Real Estate Investm
MHC.UN,Flagship Communites REIT
MHCD,Middlefield Healthcare Dividend ETF
MI.UN,Minto Apartment REIT
MIC.PR.A,Sagen MI Canada Inc
MID.UN,Mint Income Fund
MIN,Excelsior Mining Corp
MINF,Middlefield Sustainable Infrastructure D
MINN,Middlefield Innovation Dividend ETF
MINT,Manulife Mltfactor Dev Intl Hgd ETF
MINT.B,Manulife Mltfactor Dev Intl Uh ETF
MIVG,Mackenzie Ivy Global Equity ETF
MKB,Mackenzie Core Pls CDN Fixed Income ETF
MKC,Mackenzie Max Dvrs Cda Index ETF
MKP,Mcan Mortgage Corp
MKZ.UN,Mackenzie Mstr Un
MMP.UN,Precious Metals and Mining Trust
MMX,Maverix Metals Inc
MND,Mandalay Resources Corp
MNO,Meridian Mining UK Societas
MNS,Royal CDN Mint CDN Silver Reserves Etr
MNT,Royal Canadian Mint CDN Gold Reserves
MNT.U,Royal Canadian Mint CDN Gld Reserves USD
MNY,Purpose Cash Management Fund
MOGO,Mogo Inc
MOGO.WT,Mogo Inc WT
MOZ,Marathon Gold Corp
MPC,Madison Pac Cl B
MPC.C,Madison Pacific Properties Inc Cl C NV
MPCF,Mackenzie Portfolio Completion ETF
MPCT.DB.A,Dream Impact Trust 5.75%
MPCT.UN,Dream Impact Trust Units
MPVD,Mountain Province Diamonds Inc
MR.DB.A,Melcor REIT 5.25 Pct Debs
MR.DB.B,Melcor REIT 5.1 Pct Debs
MR.UN,Melcor REIT
MRC,Morguard Corp
MRD,Melcor Dev
MRE,Martinrea International Inc
MREL,Middlefield Real Estate Dividend ETF
MRG.DB.A,Morguard Na REIT 4.50 Pct Debs
MRG.UN,Morguard Na Residential REIT Units
MRT.DB.A,Morguard REIT 5.25 Pct Debs
MRT.UN,Morguard Un
MRU,Metro Inc
MRV,Nuvo Pharmaceuticals Inc
MSA,Mineros S.A.
MSRE.UN,Sustainable Real Estate Dividend Fund
MSV,Minco Silver Corp
MTAV,Horizons Global Metaverse Index ETF
MTL,Mullen Group Ltd
MTL.DB,Mullen Group Ltd 5.75 Pct Debs
MTY,Mty Food Group Inc
MUB,Mackenzie Unconstrained Bond ETF
MULC,Manulife Mltfactor US Large Cap Hgd ETF
MULC.B,Manulife Mltfactor US Large Cap Uh ETF
MUMC,Manulife Mltfactor US Mid Cap Hgd ETF
MUMC.B,Manulife Mltfactor US Mid Cap Uh ETF
MUS,Mackenzie Max Dvrs US Index ETF
MUSA,Middlefield US Equitydividend ETF
MUSC,Manulife Multifactor U.S. Small Cap
MUSC.B,Manulife Mulfact US Scap Idx ETF Unheg
MUX,Mcewen Mining Inc
MVP,Mediavalet Inc
MWD,Mackenzie Max Diversif World Dev ETF
MX,Methanex Corp
MXG,Maxim Power Corp
MXU,Mackenzie Max Divers Wrld Dev Ex Na ETF
NA,National Bank of Canada
NA.PR.C,National Bank Pref Ser 38
NA.PR.E,National Bank Pref Series 40
NA.PR.G,National Bank Pref Series 42
NA.PR.S,National Bank Pref Ser 30
NA.PR.W,National Bank Pref Ser 32
NALT,Nbi Liquid Alternatives ETF
NANO,Nano One Materials Corp
NB,Niocorp Developments Ltd
NBLY,Neighbourly Pharmacy Inc
NCF,Northcliff Resources Ltd
NCM,Newcrest Mining Ltd
NCP,Nickel Creek Platinum Corp
NCU,Nevada Copper Corp
NCU.WT.B,Nevada Copper Corp Wts B
NDIV,Nbi Canadian Dividend Income ETF
NDM,Northern Dynasty Minerals Ltd
NEO,NEO Performance Materials Inc
NEXT,Nextsource Materials Inc
NFAM,Nbi Canadian Family Business ETF
NFI,Nfi Group Inc.
NFI.DB,Nfi Group Inc 5 Pct Debs
NG,Novagold Res Inc
NGD,New Gold Inc
NGPE,Nbi Global Private Equity ETF
NGT,Newmont Corp
NHF.UN,Northview CDN High Yld Residential Fund
NHK,Nighthawk Gold Corp
NHK.WT,Nighthawk Gold Corp Wts
NHYB,Nbi High Yield Bond ETF
NIF.UN,Noranda Income Fund
NINT,Nbi Active International Equity ETF
NOA,North American Construction Group Ltd
NOA.DB.A,Na Construction Grp Ltd 500% Conv.
NOA.DB.B,North American Construc Grp 5.5 Pct Debs
NOVB.F,FT CBOE Vest US Eqty Buffer November ETF
NOVC,Nova Cannabis Inc
NPI,Northland Power Inc
NPI.PR.A,Northland Power Pref Equity Inc
NPI.PR.B,Northland Power Inc Pref Ser 2
NPI.PR.C,Northland Power Inc Pref Ser 3
NPK,Verde Agritech Plc
NPRF,Nbi Active Canadian Preferred Sh ETF
NREA,Nbi Global Real Assets Income ETF
NSCB,Nbi Sustainable Canadian Bond ETF
NSCC,Nbi Sustainable CDN Corporate Bond ETF
NSCE,Nbi Sustainable Canadian Equity ETF
NSGE,Nbi Sustainable Global Equity ETF
NSSB,Nbi Sustainable CDN Short Term Bond ETF
NTR,Nutrien Ltd
NUAG,New Pacific Metals Corp
NUBF,Nbi Unconstrained Fixed Income ETF
NUMI,Numinus Wellness Inc
NUMI.WT,Numinus Wellness Inc WT
NUMI.WT.B,Numinus Wellness Inc
NUMI.WT.C,Numinus Wellness Inc
NUSA,Nbi Active US Equity ETF
NVA,Nuvista Energy Ltd
NVCN,Neovasc Inc
NVEI,Nuvei Corp
NVO,Novo Resources Corp
NVO.WT.A,Novo Resources Corp WT A
NWC,The North West Company Inc
NWH.DB.G,Northwest Healthcare Prop REIT 5.50 Debs
NWH.DB.H,Northwest Hc Prop REIT 6.25 Pct Dbs
NWH.UN,Northwest Healthcare Prop REIT
NXE,Nexgen Energy Ltd
NXF,CI First Asset Energy Giants Cov Call
NXF.B,CI First Asset Energy Giants ETF
NXJ,Nexj Systems Inc
NXR.UN,Nexus Real Estate Investment Trust
NXTG,First Trust Indxx Nextg ETF
NZC,Norzinc Ltd
OBE,Obsidian Energy Ltd
OGC,Oceanagold Corp
OGD,Orbit Garant Drilling Inc
OGI,Organigram Holdings Inc
OLA,Orla Mining Ltd
OLY,Olympia Financial Group Inc
ONC,Oncolytics Bio
ONEB,CI One North American Core Plus Bond ETF
ONEC,Accelerate Onechoice Altnv Portfolio ETF
ONEQ,CI One Global Equity ETF
ONEX,Onex Corp
OPS,Opsens Inc
OPT,Optiva Inc
OR,Osisko Gold Royalties Ltd
OR.DB,Osisko Gold Royalties Ltd 4.00 Pct Debs
ORA,Aura Minerals Inc
ORE,Orezone Gold Corp
ORE.WT,Orezone Gold Corp WT
OREA,Orea Mining Corp
ORV,Orvana Minerals J
OSK,Osisko Mining Inc
OSP,Brompton Oil Split Corp
OSP.PR.A,Brompton Oil Split Corp Pref
OTEX,Open Text Corp
OVV,Ovintiv Inc
PAAS,Pan American Silver Corp
PAT,Patriot One Technologies Inc
PAY,Payfare Inc
PAYF,Purpose Enhanced Premium Yield Fund ETF
PBD,Purpose Total Return Bond Fund ETF
PBH,Premium Brands Holdings Corp
PBH.DB.G,Premium Brands Holdings 4.65 Pct Debs
PBH.DB.H,Premium Brands Holdings 4.20 Pct Debs
PBH.DB.I,Premium Brands Hldngs Corp 5.40 Pct Debs
PBI,Purpose Best Ideas Fund ETF
PBI.B,Purpose Best Ideas Fund Non Hdg
PBL,Pollard Banknote Ltd
PBY.UN,Canso Credit Income Fund Units
PCOR,Pimco Managed Core Bond Pool ETF
PD,Precision Drilling Corp
PDC,Invesco CDN Div Idx ETF
PDF,Purpose Core Dividend Fund ETF
PDIV,Purpose Enhanced Dividend Fund ETF
PDV,Prime Dividend Corp Cl A
PDV.PR.A,Prime Dividend Corp Pref
PEA,Pieridae Energy Ltd
PET,Pet Valu Holdings Ltd
PEY,Peyto Exploration and Dvlpmnt Corp
PFAA,Picton Mahoney Fortified Alpha Alt ETF
PFAE,Picton Mahoney Fort Act Ext Alt Fund ETF
PFH.F,Invesco HY Corp Bond Index ETF
PFIA,Picton Mahoney Fort Income Alt Fund ETF
PFL,Powershares 1 To 3 Yr Lad Float Rate ETF
PFLS,Picton Mahoney Frt Lng Shrt Alt Fund ETF
PFMN,Picton Mahoney Fort Mkt Neutral Fund ETF
PFMS,Picton Mahoney Multi Strat Alt Fund ETF
PFSS,Picton Mahoney Fort Special Sit Alt Fund
PGI.UN,Pimco Global Inc Opportunities Fund
PHE,Purpose Tactical Hedged Equity Fund ETF
PHE.B,Purpose Tactical Hedged Equity Fund ETF
PHR,Purpose Duration Hedged Real Estate ETF
PHX,Phx Energy Services Corp
PHYS,Sprott Physical Gold Trust CAD
PHYS.U,Sprott Physical Gold Trust USD
PIC.A,Premium Income A
PIC.PR.A,Premium Income Pr
PID,Purpose Intl Dividend Fund ETF
PIF,Polaris Infrastructure Inc
PIF.DB,Polaris Infrastructure 7.0 Pct Debs
PIN,Purpose Monthly Income Fund ETF
PINC,Purpose Multi Asset Income Fund
PINV,Purpose Global Innovators Fund
PIPE,Pipestone Energy Corp
PIX.UN,Pimco Multi Sector Income Fund
PKI,Parkland Fuel Corp
PLC,Park Lawn Corp
PLC.DB,Park Lawn Corp 5.75 Pct Debs
PLC.U,Park Lawn Corporation USD
PLV,Invesco Low Vol Portfolio ETF
PLZ.DB.E,Plaza Retail REIT 5.10 Pct Debs
PLZ.UN,Plaza Retail REIT
PMB.UN,Picton Mahoney Tactical Income Fund
PME,Sentry Select Primary Metals Corp
PMIF,Pimco Monthly Income Fund
PMIF.U,Pimco Monthly Income Fund
PMM,Purpose Multi Strategy Mkt Neutral Fund
PMN,Promis Neurosciences Inc
PMNT,Pimco Global Short Maturity Fund ETF
PMT,Perpetual Energy Inc
PMZ.UN,Primaris REIT
PNC.A,Postmedia Network Canada Corp Cl A
PNC.B,Postmedia Network Canada Corp Cl B
PNE,Pine Cliff Energy Ltd
PNP,Pinetree Capital Ltd
POM,Polymet Mining Corp
POU,Paramount Resources Ltd
POW,Power Corp of Canada Sv
POW.PR.A,Power Corp A Pr
POW.PR.B,Power Corp Pref Shares Series B
POW.PR.C,Power Corp of Canada 5.80%
POW.PR.D,Power Corp Non-Cum 1st Pfd Shs Ser D
POW.PR.G,Power Corp of Canada 5.60 Pct Pref Ser G
PPL,Pembina Pipeline Corp
PPL.PF.A,Pembina Pipeline Corp Pref Ser 21
PPL.PF.C,Pembina Pipeline Corp Pref Series 23
PPL.PF.E,Pembina Pipeline Corp Pref Series 25
PPL.PR.A,Pembina Pipeline Corp Pref Class A
PPL.PR.C,Pembina Pipeline Corp Pref Ser 3
PPL.PR.E,Pembina Pipeline Corp Pref Ser 5
PPL.PR.G,Pembina Pipeline Corp Pref Ser 7
PPL.PR.I,Pembina Pipeline Corp Pref Ser 9
PPL.PR.O,Pembina Pipeline Corp Pref Series 15
PPL.PR.Q,Pembina Pipeline Corp Pref Series 17
PPL.PR.S,Pembina Pipeline Corp Pref Series 19
PPR,Prairie Provident Resources Inc
PPS,Invesco CDN Pref Share Idx ETF
PPTA,Perpetua Resources Corp
PR,Lysander Slater Pref Share Activ ETF
PRA,Purpose Diversified Real Asset Fund ETF
PREF,Evolve Dvdnd Stblt Prf Sh Indx E
PRL,Propel Holdings Inc
PRM,Big Pharma Split Corp
PRM.PR.A,Big Pharma Split Corp Pref Shares
PRMW,Primo Water Corp
PRN,Profound Medical Corp
PRQ,Petrus Resources Ltd
PRU,Perseus Mining Ltd
PRV.UN,Pro Real Estate Investment Trust
PSA,Purpose High Interest Savings ETF
PSB,Invesco 1 To 5 Yrladder Inv Grd Bd ETF
PSD,Pulse Seismic Inc
PSI,Pason Systems Inc
PSK,Prairiesky Royalty Ltd
PSLV,Sprott Physical Silver Trust CAD
PSLV.U,Sprott Physical Silver Trust USD
PSU.U,Purpose US Cash ETF
PSY,Pwrshr Glb Sharehldr Yield ETF
PTI.UN,Pimco Tactical Income Fund
PTM,Platinum Group Metals Ltd
PTO.UN,Pimco Tactical Income Opportunites Fund
PUD,Purpose US Dividend Fund ETF
PVS.PR.F,Partners Value Split Corp Pref Ser 8
PVS.PR.G,Partners Value Split Corp
PVS.PR.H,Partners Value Split Corp Pref Ser 10
PVS.PR.I,Partners Value Split Corp Pref Series 11
PVS.PR.J,Partners Value Split Corp
PVS.PR.K,Partners Value Split Corp Pref Ser 13
PWF.PF.A,Power Financial Corporation
PWF.PR.A,Power Fin Ser A Pr
PWF.PR.E,Power Fin Ser D Pr
PWF.PR.F,Power Financial Corp Pref Ser E
PWF.PR.G,Power Financial Corp 5.90% Pr Series F
PWF.PR.H,Power Financial Corp 5.75% Pr Series H
PWF.PR.K,Power Fin Corp 4.95% Ser K
PWF.PR.L,Power Financial Corp Series L Pfd
PWF.PR.O,Power Financial Corp 5.80 Pref Ser O
PWF.PR.P,Pwr Fnl Corp 4.40 Non Cumul Pref Ser P
PWF.PR.Q,Power Fin Corp 4.40 Pct Pref Ser Q
PWF.PR.R,Power Financial Corp 5.5 Pct Pref Ser R
PWF.PR.S,Power Financial Corp Pref Ser S
PWF.PR.T,Power Financial Corp 4.20 Pct Pref Ser T
PWF.PR.Z,Power Financial Corp 5.15 Pct Pref Ser V
PWI,Sustainable Power Infra Split Corp Cl A
PWI.PR.A,Sustainable Power Infra Split Corp Pr A
PXC,Invesco FTSE RAFI CAD Idx ETF
PXG,Invesco FTSE RAFI Global Plus ETF
PXG.U,Invesco FTSE RAFI Global Plus ETF USD
PXS,Pwrshr FTSE RAFI US Fdamntl ETF II
PXS.U,Invesco FTSE RAFI US Idx ETF II USD
PXT,Parex Resources Inc
PXU.F,Invesco FTSE RAFI US Idx ETF
PYF,Purpose Premium Yield Fund ETF
PYF.B,Purpose Premium Yield Fund Non Hdg ETF
PYR,Pyrogenesis Canada Inc
PZA,Pizza Pizza Royalty Corp
PZC,Pwrshr FTSE RAFI CDN Sml Mid Fdamntl ETF
PZW,Pwrshr FTSE RAFI Glb Sml Mid Fdamntl ETF
PZW.F,Invesco FTSE RAFI Glb Small Mid Hedge
QAH,Mackenzie US Large Cap Eqty Idx CAD Hgd
QBB,Mackenzie CDN Aggregate Bond Index ETF
QBR.A,Quebecor Inc Cl A Mv
QBR.B,Quebecor Inc Cl B Sv
QBTC,The Bitcoin Fund CAD
QBTC.U,The Bitcoin Fund
QBTL,Agfiq US Mkt Neut Antibeta CAD Hdg ETF
QCD,Quantshrs Enh Core CDN Equity ETF
QCE,Mackenzie CDN Large Cap Equity Index ETF
QCLN,First Trust Nsdq Cln Edg Green Enrgy ETF
QCN,Mackenzie Canadian Equity Index ETF
QDX,Mackenzie International Equity Index ETF
QDXB,Mackenzie Dev Ex Na Agg Bond Idx Hgd ETF
QDXH,Mackenzie Intl Equity Index ETF CAD Hgd
QEBH,Mackenzie Emerging Mkts Bond Index ETF
QEC,Questerre Energy Corp
QEE,Mackenzie Emerging Mkts Equity Index ETF
QEM,Quantshrs Enh Core Emg Mkt Eqt ETF
QETH.U,Ether Fund [The]
QETH.UN,The Ether Fund
QFOR,Q4 Inc
QHY,Mackenzie US High Yld Bnd Idx CAD Hgd
QIE,Quantshrs Enh Core Intl Equity ETF
QINF,Mackenzie Global Infrastructure Indx ETF
QQC,Invesco Nasdaq 100 Index ETF
QQC.F,Invesco QQQ Index ETF
QQCC,Horizons Nasdaq 100 Cvrd Call ETF
QQCE,Invesco ESG Nasdaq 100 Idx ETF
QQCE.F,Invesco ESG Nasdaq 100 Idx ETF Hdg
QQEQ,Invesco Nasdaq 100 Equal Weight Indx ETF
QQEQ.F,Invesco Nasdaq 100 Eql Weight Idx HD ETF
QQJE.F,Invesco ESG Nas Next Gen 100 Idx ETF Hgd
QQJR,Invesco Nasdaq Next Gen 100 Index ETF
QQJR.F,Invesco Nasdaq Next Gen 100 Index HD ETF
QRC,Queens Road Capital Investment Ltd
QRET,Mackenzie Dev Mkts Real Estate Index ETF
QSB,Mackenzie CDN Short Term Bond Index ETF
QSP.UN,Restaurant Brands Intl Ltd Partnership
QSR,Restaurant Brands International Inc
QTRH,Quarterhill Inc
QTRH.DB,Quarterhill Inc 6 Pct Debs
QUB,Mackenzie US Aggregate Bond Indx Hgd ETF
QUIG,Mackenzie US Inv Grd Corp Bd Idx CAD Hgd
QUS,Quantshrs Enh Core US Equity ETF
QUU,Mackenzie US Large Cap Equity Index ETF
QUU.U,Mackenzie US Large Cap Eqty Indx USD ETF
QXM,CI First Asset Morningstar Nb Quebec ETF
RA.UN,Middlefield Global Real Asset Fund
RATE,Arrow Ec Income Advantage Alt Fund ETF
RAV.UN,Ravensource Fund
RAY.A,Stingray Digital Group Inc Sv
RAY.B,Stingray Digital Group Inc Variable Sv
RBA,Ritchie Bros Auctioneers Inc
RBN.UN,Blue Ribbon Income Fund
RBNK,RBC CDN Bank Yield Index ETF
RBO,RBC 1 To 5 Yr Laddered Corp Bond ETF
RBOT,Horizons Robotics Automation Idx ETF
RBOT.U,Horizons Robotics and Automa Idx ETF USD
RBY,Rubellite Energy Inc
RCD,RBC Quant CDN Dividend Leaders ETF
RCE,RBC Quant Canadian Equity Leaders ETF
RCG,RF Capital Group Inc
RCG.PR.B,RF Capital Group Inc Pref B
RCH,Richelieu Hardware Ltd
RCI.A,Rogers Communications Inc Cl A Mv
RCI.B,Rogers Communications Inc Cl B NV
REAL,Real Matters Inc
REAX,The Real Brokerage Inc
RECP,Recipe Unlimited Corp
REI.UN,Riocan Real Est Un
REIT,Powershares Sptsx REIT Income Idx ETF
REUN,Reunion Neuroscience Inc
RFP,Resolute Forest Products Inc
RIB.UN,Ridgewood CAD Invest Grade Bond Fund
RID,RBC Quant EAFE Div Leaders ETF
RID.U,RBC Quant EAFE Div Leaders USD ETF
RIDH,RBC Quant EAFE Div Leaders ETF
RIE,RBC Quant EAFE Equity Leaders ETF
RIFI,Russell Invt Fixed Income Pool ETF
RIIN,Russell Invt Global Infr Pool ETF
RIRA,Russell Invt Real Assets ETF
RIT,CI First Asset Canadian REIT ETF
RLB,RBC 1 To 5 Year Laddered Can Bond ETF
RNW,Transalta Renewables Inc
ROOT,Roots Corp
RPD,RBC Quant European Div Leaders ETF
RPD.U,RBC Quant European Div Leaders ETF USD
RPDH,RBC Quant European Div Leaders ETF
RPF,RBC Canadian Pref Share ETF
RPI.UN,Richards Packaging Income Fund
RPSB,RBC Phn Short Term CDN Bond ETF
RQJ,RBC Target 2022 Corp Bond ETF
RQK,RBC Target 2023 Corp Bond ETF
RQL,RBC Target 2024 Corp Bond Index ETF
RQN,RBC Target 2025 Corp Bond Index ETF
RQO,RBC Target 2026 Corporate Bond Index ETF
RQP,RBC Target 2027 Corporate Bond Index ETF
RS,Real Estate and Ecommerce Split Corp
RS.PR.A,Real Estate & E-Commerce Split Corp
RSI,Rogers Sugar Inc
RSI.DB.E,Rogers Sugar Inc 5Pct Debs
RSI.DB.F,Rogers Sugar Inc 4.75 Pct Debs
RTG,Rtg Mining Inc
RUBH,RBC US Banks Yield CAD Hgd Index ETF
RUBY,RBC US Banks Yield Index ETF CAD
RUBY.U,RBC US Banks Yield Index ETF USD
RUD,RBC Quant US Div Leaders ETF
RUD.U,RBC Quant US Div Leaders USD ETF
RUDH,RBC Quant US Div Leaders ETF
RUE,RBC Quant US Equity Leaders ETF
RUE.U,RBC Quant US Equity Leaders ETF USD
RUEH,RBC Quant US Equity Leaders CAD Heg ETF
RUS,Russel Metals
RUSB,RBC Short Term US Corp Bond ETF
RUSB.U,RBC Short Term US Corp Bond USD
RVX,Resverlogix Corp
RWE,CI First Asset MSCI Europe Lr Wgtd ETF
RWE.B,CI First Asset MSCI Europe Lr Wgtd Unhg
RWW,CI First Asset MSCI World Low Risk Wtd
RWW.B,CI First Asset MSCI Wld Lr Wtd Uh ETF
RWX,CI First Asset MSCI Intl Low Risk
RWX.B,CI First Asset MSCI Intl Low Risk Wghtd
RXD,RBC Quant Emrg Mkts Div Leaders ETF
RXD.U,RBC Quant Emerging Mkts Div Leaders USD
RXE,RBC Quant Emrg Mkts Equity Leaders ETF
RY,Royal Bank of Canada
RY.PR.H,Royal Bank Pref Ser Bb
RY.PR.J,Royal Bank Pref Ser Bd
RY.PR.M,Royal Bank Pref Ser Bf
RY.PR.N,Royal Bank Pref Ser Bh
RY.PR.O,Royal Bank Pref Ser Bi
RY.PR.S,RBC Pref Shares Series Bo
RY.PR.Z,RBC First Pref Sh Series AZ
S,Sherritt Intl Rv
SAM,Starcore International Mines Ltd
SAP,Saputo Inc
SAU,ST Augustine Gold and Copper Ltd
SBB,Sabina Gold and Silver Corp
SBC,Brompton Split Banc Corp Cl A
SBC.PR.A,Brompton Split Banc Corp Pref
SBI,Serabi Gold Plc
SBN,S Split Corp Cl A
SBN.PR.A,S Split Corp Pref A
SBT,Purpose Silver Bullion ETF
SBT.B,Silver Bullion Trust CAD ETF Non Cur
SBT.U,Silver Bullion Trust USD ETF Non Cur
SCL,Shawcor Ltd
SCY,Scandium International Mining Corp
SDE,Spartan Delta Corp
SEA,Seabridge Gold Inc
SEC,Senvest Capital
SES,Secure Energy Services Inc
SFC,Sagicor Financial Company Ltd
SFC.WT,Sagicor Financial Company Ltd WT
SFD,Nxt Energy Solutions Inc
SFI,Solution Financial Inc
SFTC,Softchoice Corp
SGLD,Sabre Gold Mines Corp
SGNL,Signal Gold Inc
SGQ,Southgobi Resources Ltd
SGR.U,Slate Grocery REIT USD
SGR.UN,Slate Grocery REIT
SGY,Surge Energy Inc
SGY.DB,Surge Energy Inc 5.75 Pct Debs
SGY.DB.A,Surge Energy Inc 6.75 Pct Debs
SHLE,Source Energy Services Ltd
SHOP,Shopify Inc
SIA,Sienna Senior Living Inc
SID,CI First Asset US Trendleaders ETF
SIH.UN,Sustainable Innovation & Health Dividend
SII,Sprott Inc
SIL,Silvercrest Metals Inc
SIS,Savaria Corp
SJ,Stella Jones Inc
SJR.B,Shaw Communications Inc Cl B NV
SKE,Skeena Resources Ltd
SKYY,First Trust Cloud Computing ETF
SLF,Sun Life Financial Inc
SLF.PR.C,Sun Life Pref Ser 3
SLF.PR.D,Sun Life Pref Ser 4
SLF.PR.E,Sun Life Pref Ser 5
SLF.PR.G,Sun Life Pref Ser 8R
SLF.PR.H,Sun Life Pref Ser H
SLF.PR.J,Sun Life Pref Ser 9Qr
SLF.PR.K,Sun Life Pref Ser 11Qr
SLR,Solitario Zinc Corp
SLS,Solaris Resources Inc
SMA,Standard Mercantile Acq Corp
SMC,Sulliden Mining Capital Inc
SMT,Sierra Metals Inc
SMU.UN,Summit Industrial Income REIT
SNC,Snc-Lavalin Sv
SOLG,Solgold Plc
SOT.DB,Slate Office REIT 5.25 Pct Debs
SOT.DB.A,Slate Office REIT 5.5 Pct Debs
SOT.UN,Slate Office REIT
SOY,Sunopta Inc
SPB,Superior Plus Corp
SPG,Spark Power Group Inc
SPG.WT,Spark Power Group Inc WT
SPPP,Sprott Physical Platinum Palladium CAD
SPPP.U,Sprott Physical Platinum Palladium USD
SRU.UN,Smartcentres Real Estate Investment
SRV.UN,Sir Royalty Income Fund
SSF.UN,Symphony Floating Rate Sr Loan Fd
SSL,Sandstorm Gold Ltd
SSRM,Ssr Mining Inc
STC,Sangoma Technologies Corp
STCK,Stack Capital Group Inc
STCK.WT,Stack Capital Group Inc WT
STEP,Step Energy Services Ltd
STGO,Steppe Gold Ltd
STLC,Stelco Holdings Inc
STN,Stantec Inc
STPL,BMO Glb Consumer Staples Hgd To CAD ETF
SU,Suncor Energy Inc
SVA,Sernova Corp
SVB,Silver Bull Resources Inc
SVI,Storagevault Canada Inc
SVI.DB,Storagevault Canada Inc 5.75 Pct Debs
SVI.DB.B,Storagevault Canada Inc 5.50 Pct Debs
SVM,Silvercorp Metals Inc
SVR,Ishares Silver Bullion ETF Hdg
SVR.C,Ishares Silver Bullion ETF Non Hdg
SW,Sierra Wireless
SWP,Swiss Water Decaffeinated Coffee Inc
SXI,Synex Intl J
SXP,Supremex Inc
SYLD,Purpose Strategic Yield Fund
SYZ,Sylogist Ltd
SZLS,Stagezero Life Sciences Ltd
SZLS.WT,Stagezero Life Sciences Ltd WT
T,Telus Corp
TA,Transalta Corp
TA.PR.D,Transalta Corp Prfd Series A
TA.PR.E,Transalta Corp Pref Ser B
TA.PR.F,Transalta Corp Pref Ser C
TA.PR.G,Transalta Corporation Pref Ser D
TA.PR.H,Transalta Corp Pref Sh Series E
TA.PR.J,Transalta Corp Pref Ser G
TAIG,Taiga Motors Corp
TAIG.WT,Taiga Motors Corp WT
TBL,Taiga Building Products Ltd
TBP,Tetra Bio Pharma Inc
TBP.WT.B,Tetra Bio Pharma Inc WT B
TBP.WT.C,Tetra Bio-Pharma Inc
TC,Tucows Inc
TCBN,TD Global Carbon Credit Index ETF
TCL.A,Transcontinental Inc Cl A Sv
TCL.B,Transcontinental Inc Cl B Mv
TCLB,TD Canadian Long Term Fed Bond ETF
TCLV,TD Q Canadian Low Volatility ETF
TCN,Tricon Capital Group Inc
TCS,Tecsys Inc J
TCSB,TD Select Short Term Corporate Bond Ladd
TCW,Trican Well
TD,Toronto-Dominion Bank
TD.PF.A,TD Bank Pref Ser 1
TD.PF.B,TD Bank Pref Ser 3
TD.PF.C,TD Bank Pref Ser 5
TD.PF.D,TD Bank Pref Ser 7
TD.PF.E,TD Bank Pref Ser 9
TD.PF.I,TD Bank Pref Ser 16
TD.PF.J,TD Bank Pref Series 18
TD.PF.K,TD Bank Pref Series 20
TD.PF.L,TD Bank Pref Series 22
TD.PF.M,TD Bank Pref Series 24
TDB,TD CDN Aggregate Bond Index ETF
TDOC,TD Global Healthcare Leaders Index ETF
TDOC.U,TD Global Healthcare Leaders Idx ETF USD
TEC,TD Global Technology Leaders Index ETF
TEC.U,TD Global Technology Leaders Idx ETF USD
TECE,Evolve Enhanced Fangma Index ETF
TECE.U,Evolve Enhanced Fangma Index ETF USD
TECH,Evolve Fangma Index ETF [Cad Hedged Unit
TECH.B,Evolve Fangma Index ETF [Cad Unhedged Un
TECH.U,Evolve Fangma Index Uh ETF USD
TECI,TD Global Technology Innovators Indx ETF
TECK.A,Teck Resources Ltd Cl A
TECK.B,Teck Resources Ltd Cl B
TERM,Manulife Smart Short-Term Bond ETF
TF,Timbercreek Financial Corp
TF.DB.C,Timbercreek Financial Corp 5.30 Pct Debs
TF.DB.D,Timbercreek Financial Corp 5.25 Pct Debs
TF.DB.E,Timbercreek Financial Corp 5.00 Pct Debs
TFII,Tfi International Inc
TFPM,Triple Flag Precious Metals Corp
TFPM.U,Triple Flag Precious Metals Corp
TGED,TD Active Global Enhanced Dividend ETF
TGED.U,TD Active Global Enhanced Div ETF USD
TGFI,TD Active Global Income ETF
TGGR,TD Active Global Equity Growth ETF
TGL,Transglobe Energy Corp
TGO,Terago Inc
TGRE,TD Active Global Real Estate Equity ETF
TH,Theratechnologies
TH.DB.U,Theratechnologies 5.75 Pct Debs
The,TD Intl Equity CAD Hedge Index ETF
THNC,Thinkific Labs Inc
THU,TD S&P 500 CAD Hedge Index ETF
TI,Titan Mining Corp
TIH,Toromont Ind
TILV,TD Systematic Intl Equity Low Vol ETF
TINF,TD Active Global Infrastructure Eqty ETF
TIXT,Telus International [Cda] Inc
TKO,Taseko Mines Ltd
TLF,Brompton Tech Leaders Income ETF
TLF.U,Brompton Tech Leaders Income ETF USD
TLG,Troilus Gold Corp
TLG.WT,Troilus Gold Corp WT
TLO,Talon Metals Corp
TLRY,Tilray Inc
TLV,Invesco SP TSX Low Vol Idx ETF
TMCC,TD Morningstar ESG Can Corp Bnd Indx ETF
TMD,Titan Medical Inc
TMEC,TD Morningstar ESG Cda Eqty Idx ETF
TMEI,TD Morningstar ESG Intl Eqty Idx ETF
TMEU,TD Morningstar ESG US Equity Index ETF
TML,Treasury Metals Inc
TML.WT,Treasury Metals Inc WT
TMQ,Trilogy Metals Inc
TNT.UN,True North Commercial REIT
TNX,Tanzanian Royalty Exploration Corp
TNZ,Tenaz Energy Corp
TOCA,TD One Click Aggressive Portfolio ETF
TOCC,TD One Click Conservative ETF Portfolio
TOCM,TD One Click Moderate ETF Portfolio
TOT,Total Energy Services Inc
TOU,Tourmaline Oil Corp
TOWR,BMO Brookfield Gbl Real Est Tech Fnd ETF
TOY,Spin Master Corp
TPAY,TD Income Builder ETF
TPE,TD International Equity Index ETF
TPRF,TD Active Preferred Share ETF
TPU,TD S&P 500 Index ETF
TPU.U,TD U.S. Equity Index Et
TPX.B,Molson Coors Canada Inc Cl B NV
TPZ,Topaz Energy Corp
TQCD,TD Q Canadian Dividend ETF
TQGD,TD Q Global Dividend ETF
TQGM,TD Q Global Multifactor ETF
TQSM,TD Q US Small Mid Cap Eqty ETF
TRI,Thomson Reuters Corp
TRI.PR.B,Thomson Reuters Corp Prf Srs 2
TRL,Trilogy International Partners Inc
TRP,Tc Energy Corp
TRP.PR.A,Transcanada Corp Pref Ser 1
TRP.PR.B,Transcanada Corp Pref Ser 3
TRP.PR.C,Transcanada Corp Pref Ser 5
TRP.PR.D,Transcanada Corp Pref Ser 7
TRP.PR.E,Transcanada Corp Pref Ser 9
TRP.PR.F,Transcanada Corp Pref Ser 2
TRP.PR.G,Transcanada Corp Pref Ser 11
TRP.PR.H,Transcanada Corp Pref Ser 4
TRP.PR.I,Transcanada Corp Pref Ser 6
TRQ,Turquoise Hill Resources Ltd
TRVL,Harvest Travel and Leisure Index ETF
TRVL.U,Harvest Travel and Leisure ETF USD
TRZ,Transat At Inc
TSAT,Telesat Corp
TSK,Talisker Resources Ltd
TSL,Tree Island Steel Ltd
TSU,Trisura Group Ltd
TTNM,Titanium Transportation Group Inc
TTP,TD S&P TSX Capped Comp Index ETF
TUED,TD Active US Enhanced Dividend ETF
TUED.U,TD Active US Enhanced Dividend ETF USD
TUHY,TD Active US High Yield Bond ETF
TULB,TD US Long Term Treasury Bond ETF
TULV,TD Q US Low Volatility ETF
TUSB,TD Select U.S. Short Term Corporate Bond
TUSB.U,TD Select US Short Term Corp Bnd ETF USD
TVA.B,Tva Group Inc Cl B NV
TVE,Tamarack Valley Energy Ltd
TVK,Terravest Capital Inc
TWC,Twc Enterprises Ltd
TWM,Tidewater Midstream and Infras Ltd
TWM.DB,Tidewater Midstream Infras 5.5 Pct Debs
TWM.WT,Tidewater Midstream and Infrastructure
TXF,CI First Asset Tech Giants Covered Call
TXF.B,CI First Asset Tech Giants Cov Call
TXF.U,CI Tech Giants Covered Call ETF USD
TXG,Torex Gold Resources Inc
TXP,Touchstone Exploration Inc
TXT.PR.A,Top 10 Split Trust Pref A
TXT.UN,Top 10 Split Trust
U.U,Sprott Physical Uranium Trust USD
U.UN,Sprott Physical Uranium Trust
UDA,Caldwell US Dividend Advantage Fund ETF
UDEF,Manulife Smart US Defensive Eqty ETF Hdg
UDEF.B,Manulife Smart U.S. Defensive Equity ETF
UDIV,Manulife Smart U.S. Dividend ETF [Hedged
UDIV.B,Manulife Smart U.S. Dividend ETF
UEX,Uex Corp
ULV.C,Powershares Sp500 Low Volatility ETF
ULV.F,Invesco S&P 500 Low Volatility ETF
ULV.U,Invesco S&P 500 Low Volatility ETF USD
UMI,CI Wisdomtree US Midcap Div Idx ETF
UNC,United Corp Ltd
UNI,Unisync Corp Class B
UNS,Uni Select Inc
URB,Urbana Corp
URB.A,Urbana Corp A NV
URE,Ur-Energy Inc
USA,Americas Silver Corp
USB,Powershares Lad US 0 To 5 Yr Corp Bd ETF
USB.U,Powershares Lad US 0 To 5 Yr Corp Bd ETF
USCC,Horizons US Lrg Cap Eqty Cvrd Call ETF
USCC.U,Horizons US Lrg Cap Eqty Cvrd Call ETF
UTIL,Horizons CDN Util Svs High Div Idx ETF
VA,Vanguard FTSE Dev Asia Pac All Cap ETF
VAB,Vanguard CDN Aggregate Bond Index ETF
VALT,CI Gold Bullion Fund ETF Hg CAD
VALT.B,CI Gold Bullion Fund ETF
VALT.U,CI Gold Bullion Fund ETF USD
VBAL,Vanguard Balanced ETF Portfolio
VBNK,Versabank
VBNK.PR.A,Versabank
VCB,Vanguard CDN Corporate Bond Index ETF
VCE,Vanguard FTSE Canada Index ETF
VCIP,Vanguard Conservative Income ETF
VCM,Vecima Networks Inc
VCN,Vanguard FTSE Canada All Cap ETF
VCNS,Vanguard Conservative ETF Portfolio
VDU,Vanguard FTSE Developed AC Ex US ETF
VDY,Vanguard FTSE CDN High Div Yld Index ETF
VE,Vanguard FTSE Dev Europe All Cap ETF
VEE,Vanguard FTSE Emerging Mkts All Cap ETF
VEF,Vanguard FTSE Dev AC Ex US ETF CAD Hdg
VEQT,Vanguard All Equity ETF Portfolio
VET,Vermilion Energy Inc
VFV,Vanguard S&P 500 Index ETF
VGCX,Victoria Gold Corp
VGG,Vanguard US Div Appr ETF
VGH,Vanguard US Div Appr ETF CAD Hdg
VGRO,Vanguard Growth ETF Portfolio
VGV,Vanguard CDN Government Bond Index ETF
VGZ,Vista Gold Corp
VHI,Vitalhub Corp
VI,Vanguard FTSE Dev All Cap Na ETF
VIDY,Vanguard FTSE Dev Ex Na High Div Yld ETF
VIU,Vanguard FTSE Dev All Cap Na ETF
VIVO,Vivo Cannabis Inc
VIVO.WT,Vivo Cannabis Inc
VLB,Vanguard CDN Long Term Bond Index ETF
VLE,Valeura Energy Inc
VLN,Velan Inc Sv
VLNS,The Valens Company Inc.
VMD,Viemed Healthcare Inc
VMH.U,Vm Hotel Acquisition Corp Cls A USD
VMO,Vanguard Glob Momentum Factor ETF
VNP,5N Plus Inc
VPH,Valeo Pharmainc
VPH.DB,Valeo Pharma Inc 12.0 Pct Debs
VQS,Viq Solutions Inc
VRE,Vanguard FTSE CDN Capped REIT Index ETF
VRIF,Vanguard Retirement Income ETF
VSB,Vanguard CDN Short-Term Bond Index ETF
VSC,Vanguard CDN Short Term Corp Bd ETF
VSP,Vanguard S&P 500 Index ETF CAD Hdg
VUN,Vanguard US Total Market ETF
VUS,Vanguard US Total Mkt ETF CAD Hdg
VVL,Vanguard Glob Val Factor ETF
VVO,Vanguard Global Min Vol ETF
VXC,Vanguard FTSE Global All Cap Ex Can ETF
VXM,CI First Asset Morningstar Intl Value
VXM.B,CI First Asset Morningstar Intl Value
WBR,Waterloo Brewing Ltd
WCM.B,Wilmington Capital Management Cl B
WCN,Waste Connections Inc
WCP,Whitecap Resources Inc
WDO,Wesdome Gold Mines Ltd
WEED,Canopy Growth Corp
WEED.DB,Canopy Growth Corporation 8.00%
WEED.WT,Canopy Growth Corp WT
WEED.WT.A,Canopy Growth Corp February 2021 WT
WEF,Western Forest Products Inc
WELL,Well Health Technologies Corp
WELL.DB,Well Health Technologies 5.5 Pct Debs
WFC,Wall Financial
WFG,West Fraser Timber CO Ltd
WFS,World Financial Split Corp
WFS.PR.A,World Financial Split Corp
WILD,Wildbrain Ltd
WILD.DB,Wildbrain Ltd 5.875 Pct Debs
WJX,Wajax Corp
WJX.DB,Wajax Corp 6.00 Pct Debs
WLLW,Willow Biosciencesinc
WM,Wallbridge Mining Company Ltd
WN,Weston George
WN.PR.A,George Weston Pref Ser 1
WN.PR.C,George Weston 5.20% Pref Ser III
WN.PR.D,George Weston 5.2% Pref Ser IV
WN.PR.E,George Weston 4.75% Pref Ser V
WNDR,Wonderfi Technologies Inc.
WNDR.WT.A,Wonderfi Technologies Inc WT
WNDR.WT.B,Wonderfi Technologies Inc. Wts B
WOMN,BMO Women IN Leadership Fund
WORK.UN,Workplace Technology Dividend Fund
WPK,Winpak Ltd
WPM,Wheaton Precious Metals Corp
WPRT,Westport Fuel Systems Inc
WRG,Western Energy Services Corp
WRN,Western Copper and Gold Corp
WRX,Western Resources Corp
WSP,WSP Global Inc
WSRD,Wealthsimple Dev Mkt Ex Na Soc Resp ETF
WSRI,Wealthsimple Na Socially Resp Index ETF
WTE,Westshore Terminals Investment Corp
WXM,CI First Asset Morningstar Cda Momentum
X,Tmx Group Ltd
XAGG,Ishares US Aggregate Bond Index ETF
XAGG.U,Ishares US Aggregate Bond Index ETF USD
XAGH,Ishares US Aggregate Bond Idx ETF CAD HD
XAM,Xanadu Mines Ltd
XAU,Goldmoney Inc
XAW,Ishares Core MSCI All Cntry Ex Can ETF
XAW.U,Ishares Core MSCI All Ex Can ETF USD
XBAL,Ishares Core Balanced ETF Portfolio
XBB,Ishares Core CDN Universe Bond ETF
XBC,Xebec Adsorption Inc
XBM,Ishares S&P TSX Global Base Mtls ETF
XCB,Ishares Canadian Corporate Bond ETF
XCBG,Ishares ESG Adv CAD Corp Bond Index ETF
XCBU,Ishares US IG Corporate Bond Index ETF
XCBU.U,Ishares US IG Corporate Bond Idx ETF USD
XCD,Ishares S&P Global Cons Disc ETF
XCG,Ishares Canadian Growth Index ETF
XCH,Ishares China Index ETF
XCLN,Ishares Global Clean Energy Index ETF
XCLR,Ishares ESG MSCI Canada Leaders Indx ETF
XCNS,Ishares Core Conservative Balanced ETF
XCS,Ishares S&P TSX Smallcap Index ETF
XCSR,Ishares ESG Advanced MSCI Canada Idx ETF
XCV,Ishares Canadian Value Index ETF
XDG,Ishares Core MSCI Glo Qlty Div ETF
XDG.U,Ishares Core MSCI Glo Qlty Div ETF USD
XDGH,Ishares Core MSCI Glo Qlty Div ETF
XDIV,Ishares Core MSCI CAD Qlty Div ETF
XDLR,Ishares ESG MSCI EAFE Leaders Index ETF
XDNA,Ishares Genomics Immunology and
XDSR,Ishares ESG Advanced MSCI EAFE Index ETF
XDU,Ishares Core MSCI US Qlty Div ETF
XDU.U,Ishares Core MSCI US Qlty Div ETF USD
XDUH,Ishares Core MSCI US Qlty Div ETF
XDV,Ishares Canadian Select Div Index ETF
XEB,Ishares JP Morgan USD Emerg Mkts Bd ETF
XEC,Ishares Core MSCI Emerging Mkts IMI ETF
XEC.U,Ishares Core MSCI Emrgng Mkt IMI ETF
XEF,Ishares Core MSCI EAFE IMI Index ETF
XEF.U,Ishares Core MSCI EAFE IMI Index ETF
XEG,Ishares S&P TSX Capped Energy Index ETF
XEH,Ishares MSCI Europe IMI Index ETF
XEI,Ishares S&P TSX Comp High Div Index ETF
XEM,Ishares MSCI Emerging Markets ETF
XEN,Ishares Jantzi Social Index ETF
XEQT,Ishares Core Equity ETF
XESG,Ishares ESG MSCI Cda Index ETF
XEU,Ishares MSCI Europe IMI Index ETF
XEXP,Ishares Exponential Tech Index ETF
XFA,Ishares Edge MSCI Multifact USA Idx CAD
XFC,Ishares Edge MSCI Multifact Can ETF
XFF,Ishares Edge MSCI Multifact EAFE Idx CAD
XFH,Ishares Core MSCI EAFE IMI Index ETF
XFI,Ishares Edge MSCI Multifact EAFE ETF
XFN,Ishares S&P TSX Capped Financials ETF
XFR,Ishares Floating Rate Index ETF
XFS,Ishares Edge MSCI Multifact USA ETF
XGB,Ishares Canadian Govt Bond Index ETF
XGD,Ishares S&P TSX Global Gold Index ETF
XGI,Ishares S&P Global Industrials ETF
XGRO,Ishares Core Growth ETF Portfolio
XHAK,Ishares Cybersecurity and Tech Index ETF
XHB,Ishares CDN Hybrid Corp Bond ETF
XHC,Ishares Global Healthcare Index ETF
XHD,Ishares US High Div Equity Index ETF
XHU,Ishares US High Div Equity Index ETF
XHY,Ishares US High Yield Bond Index ETF
XIC,Ishares Core S&P TSX Capped Comp ETF
XID,Ishares India Index ETF
XIG,Ishares US IG Corporate Bond Index ETF
XIGS,Ishares 1 To 5 Year US IG Corp Bond ETF
XIN,Ishares MSCI EAFE Index ETF
XINC,Ishares Core Income Balanced ETF
XIT,Ishares S&P TSX Capped Info Tech ETF
XIU,Ishares S&P TSX 60 Index ETF
XLB,Ishares Core CDN Long Term Bond ETF
XLY,Auxly Cannabis Group Inc
XMA,Ishares S&P TSX Capped Materials ETF
XMC,Ishares S&P US Midcap Index ETF
XMD,Ishares S&P TSX Completion Index ETF
XMF.PR.B,M Split Corp Class I Pref Shares
XMF.PR.C,M Split Corp Class II Pref Shares 2014
XMH,Ishares S&P US Midcap Index ETF CAD Hgd
XMI,Ishares Edge MSCI Min Vol EAFE ETF
XML,Ishares Edge MSCI Mv EAFE ETF CAD Hgd
XMM,Ishares Edge MSCI Min Vol Emerg ETF
XMS,Ishares Edge MSCI Mv USA ETF CAD Hgd
XMTM,Ishares Edge MSCI USA Momnt Fctr ETF
XMU,Ishares Edge MSCI Min Vol USA ETF
XMU.U,Ishares Edge MSCI Min Vol USA Index ETF
XMV,Ishares Edge MSCI Min Vol Can ETF
XMW,Ishares Edge MSCI Min Vol Gbl ETF
XMY,Ishares Edge MSCI Mv Global ETF CAD Hgd
XPF,Ishares S&P TSX Na Pref Stock ETF
XQB,Ishares High Qlty Canadian Bond ETF
XQLT,Ishares Edge MSCI USA Qlty Fctr Indx ETF
XQQ,Ishares Nasdaq 100 Index ETF
XRB,Ishares CDN Real Return Bond Index ETF
XRE,Ishares S&P TSX Capped REIT Index ETF
XSAB,Ishares ESG CDN Agg Bond Index ETF
XSB,Ishares Core CDN Short Trm Bond ETF
XSC,Ishares Cons ST Strat Fix Inc ETF
XSE,Ishares Cons Strat Fix Inc ETF
XSEA,Ishares ESG MSCI EAFE Index ETF
XSEM,Ishares ESG MSCI Emerg Mkts Index ETF
XSH,Ishares Core CDN ST Corp Maple Bnd ETF
XSHG,Ishares ESG Adv 1 To 5 Yr CAD Bd Idx ETF
XSI,Ishares Short Term Strategic FI ETF
XSMC,Ishares SP US Small Cap Index ETF
XSMH,Ishares SP US Small Cap ETF CAD Hdg
XSP,Ishares Core S&P 500 ETF CAD Hdg ETF
XSQ,Ishares ST HI Qlty CDN Bond ETF
XST,Ishares S&P TSX Capped Cons Stpl ETF
XSTB,Ishares ESG CDN ST Bond Index ETF
XSTH,Ishares 0 To 5 Year TIPS Bond Idx HD ETF
XSTP,Ishares 0 To 5 Year TIPS Bond Index ETF
XSTP.U,Ishares 0 To 5 Yr TIPS Bond Idx ETF USD
XSU,Ishares US Small Cap Index ETF
XSUS,Ishares ESG MSCI USA Index ETF
XTC,Exco Tech
XTD,Tdb Split Corp Class A Shares
XTD.PR.A,Tdb Split Corp Priority Equity Shares
XTG,Xtra Gold Resources Corp
XTR,Ishares Diversified Monthly Income ETF
XUH,Ishares Core S&P US Total Mkt ETF CAD
XULR,Ishares ESG MSCI USA Leaders Index ETF
XUS,Ishares Core S&P 500 Index ETF
XUS.U,Ishares Core SP 500 Index ETF
XUSR,Ishares ESG Advanced MSCI USA Index ETF
XUT,Ishares S&P TSX Capped Utilities ETF
XUU,Ishares Core S&P US Total Market ETF
XUU.U,Ishares Core SP US Total Market ETF USD
XVLU,Ishares Edge MSCI USA Value Fctr ETF
XWD,Ishares MSCI World Index ETF
XXM,CI First Asset Morningstar US Value
XXM.B,CI First Asset Morningstr US Value Idx
Y,Yellow Pages Ltd
Y.WT,Yellow Pages Ltd WT
YCM,Commerce Split Corp Capital Shares
YCM.PR.A,Commerce Split Corp Class I Pref Shares
YCM.PR.B,Commerce Split Corp Class II Pref Shares
YGR,Yangarra Resources Ltd
YRB,Yorbeau Resources Inc
YRI,Yamana Gold Inc
YXM,CI First Asset MS US Momentum Index ETF
ZACE,BMO US All Cap Equity Fund ETF
ZAG,BMO Aggregate Bond Index ETF
ZAUT,BMO MSCI Tech Industrial Innov Idx ETF
ZBAL,BMO Balanced ETF
ZBAL.T,BMO Balanced ETF (Fixed Percentage Distr
ZBBB,BMO BBB Corporate Bond Index ETF
ZBI,BMO Canadian Bank Income Index ETF
ZBK,BMO Equal Weight US Bank ETF
ZCB,BMO Corporate Bond Index ETF
ZCDB,BMO Corporate Discount Bond ETF
ZCH,BMO China Equity Index ETF
ZCLN,BMO Clean Energy Index ETF
ZCM,BMO Mid Corporate Bond ETF
ZCN,BMO S&P TSX Capped Comp ETF
ZCON,BMO Conservative ETF
ZCPB,BMO Core Plus Bond Fund
ZCS,BMO Short Corp Bond ETF
ZCS.L,BMO Short Corporate Bond ETF
ZDB,BMO Discount Bond ETF
ZDH,BMO Intl Div CAD Hedge ETF
ZDI,BMO International Dividend ETF
ZDJ,BMO DJIA Hedged To CAD Index ETF
ZDM,BMO MSCI EAFE Hedged To CAD Index ETF
ZDV,BMO Canadian Dividend ETF
ZDY,BMO US Dividend ETF CAD
ZDY.U,BMO US Dividend ETF USD
ZEA,BMO MSCI EAFE ETF
ZEB,BMO S&P TSX Equal Weight Banks Index ETF
ZEF,BMO Emg Mkt Bond Hdgd To CAD ETF
ZEM,BMO MSCI Emerging Markets Index ETF
ZEO,BMO S&P TSX Eql Weight Oil Gas Index ETF
ZEQ,BMO MSCI EU Hq Hcad ETF
ZEQT,BMO All-Equity ETF
ZESG,BMO Balanced ESG ETF
ZFC,BMO Sia Focused Canadian Equity Fund
ZFH,BMO Floating Rate High Yield ETF
ZFIN,BMO MSCI Fintech Innovation Index ETF
ZFL,BMO Long Fed Bond Index ETF
ZFM,BMO Mid Federal Bond Index ETF
ZFN,BMO Sia Focused North American Equity Fu
ZFS,BMO Short Federal Bond Index ETF
ZFS.L,BMO Short Federal Bond Index ETF
ZGB,BMO Government Bond Index ETF
ZGD,BMO S&P TSX Eql Weight Global Gold ETF
ZGEN,BMO MSCI Genomic Innovation Index ETF
ZGI,BMO Global Infrastructure Index ETF
ZGQ,BMO MSCI All Cntry Wrld High Qlty ETF
ZGRN,BMO MSCI ACWI Paris Aligned Climate Equi
ZGRO,BMO Growth ETF
ZGSB,BMO Global Strategic Bond Fund
ZHP,BMO US Pref Share Hgd To CAD ETF
ZHU,BMO Equal Weight US Health Care Idx ETF
ZHY,BMO High Yld US Corp Bnd Hdg CAD ETF
ZIC,BMO Mid Term US IG Corp Bond ETF
ZIC.U,BMO Mid Term US IG Corp Bond ETF USD
ZID,BMO India Equity Index ETF
ZIN,BMO S&P TSX Equal Weight Indstrl ETF
ZINN,BMO MSCI Innovation Index ETF
ZINT,BMO MSCI Next Gen Internet Innov Idx ETF
ZJG,BMO Junior Gold Index ETF
ZJK,BMO High Yield US Corp Bond ETF
ZJK.U,BMO High Yield US Corp Bond Indx ETF USD
ZJPN,BMO Japan Index ETF
ZJPN.F,BMO Japan Index Hdg ETF
ZLB,BMO Low Volatility CAD Equity ETF
ZLC,BMO Long Corporate Bond Index ETF
ZLD,BMO Low Vol Intl Eqty Hed To CAD ETF
ZLE,BMO Low Vol Emerg Mkt Equity ETF
ZLH,BMO Low Vol US Eqty Hed To CAD ETF
ZLI,BMO Low Vol Intl Equity ETF
ZLU,BMO Low Volatility US Equity ETF CAD
ZLU.U,BMO Low Volatility US Equity ETF USD
ZMBS,BMO Canadian MBS Index ETF
ZMI,BMO Monthly Income ETF
ZMI.U,BMO Monthly Income ETF USD
ZMID,BMO SP US Mid Cap Index ETF
ZMMK,BMO Money Market Fund ETF
ZMP,BMO Mid Provincial Bond Index ETF
ZMSB,BMO Global Multi Sector Bond Fund
ZMT,BMO Sptsx Eql Wgt Glb Metal Hed CAD ETF
ZMU,BMO Mid Term US IG Corp Bd Hgd CAD Idx
ZNQ,BMO Nasdaq 100 Equity Index ETF
ZNQ.U,BMO Nasdaq 100 Equity Index ETF USD
ZPAY,BMO Premium Yield ETF
ZPAY.F,BMO Premium Yield ETF Hedged
ZPAY.U,BMO Premium Yield ETF USD
ZPH,BMO US Put Write Hedged To CAD ETF
ZPL,BMO Long Provincial Bond Index ETF
ZPR,BMO Laddered Pref Share ETF
ZPS,BMO Short Provincial Bond Index ETF
ZPW,BMO US Put Write ETF
ZPW.U,BMO US Put Write ETF USD
ZQB,BMO High Quality Corporate Bond Idx ETF
ZQQ,BMO Nasdaq 100 Hedged To CAD Index ETF
ZRE,BMO Equal Weight Reits Index ETF
ZRR,BMO Real Return Bond Index ETF
ZSB,BMO Short Term Bond Idx ETF
ZSDB,BMO Short Term Discount Bond ETF
ZSML,BMO SP US Small Cap Index ETF
ZSP,BMO S&P 500 Index ETF
ZSP.U,BMO S&P 500 Index ETF USD
ZST,BMO Ultra Short Term Bond ETF
ZST.L,BMO Ultra Short Term Bond ETF
ZSU,BMO ST US IG Corp Bond Hcad ETF
ZTIP,BMO Short Term US TIPS Index ETF
ZTIP.F,BMO Short Term US TIPS Index Hgd ETF
ZTIP.U,BMO Short Term US TIPS Index ETF USD
ZUB,BMO Eql Wgt US Bank Hdgd To CAD ETF
ZUD,BMO US Dividend Hedged To CAD ETF
ZUE,BMO S&P 500 Hedged CAD ETF
ZUH,BMO Eql Wgt US Hcare Hdgd To CAD ETF
ZUP,BMO US Pref Share Index ETF
ZUP.U,BMO US Pref Share Index ETF
ZUQ,BMO MSCI USA High Quality Index ETF
ZUQ.F,BMO MSCI USA High Quality Index ETF [Hed
ZUQ.U,BMO MSCI USA High Quality Index ETF USD
ZUS.U,BMO Ultra Short Term US Bond ETF USD
ZUS.V,BMO Ultra Short Term US Bond ETF USD Acc
ZUT,BMO Equal Weight Utilities Index ETF
ZVC,BMO MSCI Cda Value Index ETF
ZVU,BMO MSCI USA Value Index ETF
ZWA,BMO Covered Call DJIA CAD ETF
ZWB,BMO Covered Call Canadian Banks ETF
ZWB.U,BMO Covered Call Canadian Banks ETF USD
ZWC,BMO CDN High Div Covered Call ETF
ZWE,BMO Europe High Div CC CAD Hedge ETF
ZWG,BMO Gbl High Dividend Covered Call ETF
ZWH,BMO US High Dividend Covered Call ETF
ZWH.U,BMO US High Dividend Cov Call ETF USD
ZWK,BMO Covered Call US Banks ETF
ZWP,BMO Europe High Div Cov Call ETF
ZWS,BMO US High Div Cov Call Hgd ETF
ZWT,BMO Covered Call Technology ETF
ZWU,BMO Covered Call Utilities ETF
ZXM,CI First Asset Morningstar Intl Momentum
ZXM.B,CI First Asset Morningstar Intl Momentum
ZZZ,Sleep Country Canada Holdings Inc
ZZZD,BMO Tactical Dividend ETF Fund
