Symbol,Name,YahooTicker,Url
VRNA,Verona Pharma Plc ,VRNA,https://www.advfn.com/stock-market/NASDAQ/VRNA/stock-price
VRRM,Verra Mobility Corporation ,VRRM,https://www.advfn.com/stock-market/NASDAQ/VRRM/stock-price
VRCA,Verrica Parmaceuticals Inc ,VRCA,https://www.advfn.com/stock-market/NASDAQ/VRCA/stock-price
VBNK,VersaBank ,VBNK,https://www.advfn.com/stock-market/NASDAQ/VBNK/stock-price
VSSYW,Versus Systems Inc ,VSSYW,https://www.advfn.com/stock-market/NASDAQ/VSSYW/stock-price
VS,Versus Systems Inc ,VS,https://www.advfn.com/stock-market/NASDAQ/VS/stock-price
VTNR,Vertex Energy Inc ,VTNR,https://www.advfn.com/stock-market/NASDAQ/VTNR/stock-price
VERX,Vertex Inc ,VERX,https://www.advfn.com/stock-market/NASDAQ/VERX/stock-price
VRTX,Vertex Pharmaceuticals Inc ,VRTX,https://www.advfn.com/stock-market/NASDAQ/VRTX/stock-price
VERU,Veru Inc ,VERU,https://www.advfn.com/stock-market/NASDAQ/VERU/stock-price
VERV,Verve Therapeutics Inc ,VERV,https://www.advfn.com/stock-market/NASDAQ/VERV/stock-price
VIASP,VIA Renewables Inc ,VIASP,https://www.advfn.com/stock-market/NASDAQ/VIASP/stock-price
VIA,Via Renewables Inc ,VIA,https://www.advfn.com/stock-market/NASDAQ/VIA/stock-price
DSP,Viant Technology Inc ,DSP,https://www.advfn.com/stock-market/NASDAQ/DSP/stock-price
VSAT,ViaSat Inc ,VSAT,https://www.advfn.com/stock-market/NASDAQ/VSAT/stock-price
VTRS,Viatris Inc ,VTRS,https://www.advfn.com/stock-market/NASDAQ/VTRS/stock-price
VIAV,Viavi Solutions Inc ,VIAV,https://www.advfn.com/stock-market/NASDAQ/VIAV/stock-price
VEV,Vicinity Motor Corporation ,VEV,https://www.advfn.com/stock-market/NASDAQ/VEV/stock-price
VICR,Vicor Corp ,VICR,https://www.advfn.com/stock-market/NASDAQ/VICR/stock-price
VCTR,Victory Capital Holdings Inc ,VCTR,https://www.advfn.com/stock-market/NASDAQ/VCTR/stock-price
VMD,VieMed Healthcare Inc ,VMD,https://www.advfn.com/stock-market/NASDAQ/VMD/stock-price
VIEW,View Inc ,VIEW,https://www.advfn.com/stock-market/NASDAQ/VIEW/stock-price
VIEWW,View Inc ,VIEWW,https://www.advfn.com/stock-market/NASDAQ/VIEWW/stock-price
VRAY,ViewRay Inc ,VRAY,https://www.advfn.com/stock-market/NASDAQ/VRAY/stock-price
VIGL,Vigil Neuroscience Inc ,VIGL,https://www.advfn.com/stock-market/NASDAQ/VIGL/stock-price
VKTX,Viking Therapeutics Inc ,VKTX,https://www.advfn.com/stock-market/NASDAQ/VKTX/stock-price
VBFC,Village Bank and Trust Financial Corp ,VBFC,https://www.advfn.com/stock-market/NASDAQ/VBFC/stock-price
VFF,Village Farms International Inc ,VFF,https://www.advfn.com/stock-market/NASDAQ/VFF/stock-price
VLGEA,Village Super Market Inc ,VLGEA,https://www.advfn.com/stock-market/NASDAQ/VLGEA/stock-price
VMEO,Vimeo Inc ,VMEO,https://www.advfn.com/stock-market/NASDAQ/VMEO/stock-price
VINC,Vincerx Inc ,VINC,https://www.advfn.com/stock-market/NASDAQ/VINC/stock-price
VINP,Vinci Partners Investments Ltd ,VINP,https://www.advfn.com/stock-market/NASDAQ/VINP/stock-price
BBIG,Vinco Ventures Inc ,BBIG,https://www.advfn.com/stock-market/NASDAQ/BBIG/stock-price
VFS,VinFast Auto Ltd ,VFS,https://www.advfn.com/stock-market/NASDAQ/VFS/stock-price
VFSWW,VinFast Auto Ltd ,VFSWW,https://www.advfn.com/stock-market/NASDAQ/VFSWW/stock-price
VWEWW,Vintage Wine Estates Inc ,VWEWW,https://www.advfn.com/stock-market/NASDAQ/VWEWW/stock-price
VWE,Vintage Wine Estates Inc ,VWE,https://www.advfn.com/stock-market/NASDAQ/VWE/stock-price
VIOT,Viomi Technology Company Ltd ,VIOT,https://www.advfn.com/stock-market/NASDAQ/VIOT/stock-price
VNOM,Viper Energy Inc ,VNOM,https://www.advfn.com/stock-market/NASDAQ/VNOM/stock-price
VQS,VIQ Solutions Inc ,VQS,https://www.advfn.com/stock-market/NASDAQ/VQS/stock-price
VIR,Vir Biotechnology Inc ,VIR,https://www.advfn.com/stock-market/NASDAQ/VIR/stock-price
VIRX,Viracta Therapeutics Inc ,VIRX,https://www.advfn.com/stock-market/NASDAQ/VIRX/stock-price
VRAX,Virax Biolabs Group Ltd ,VRAX,https://www.advfn.com/stock-market/NASDAQ/VRAX/stock-price
VIRC,Virco Manufacturing Company ,VIRC,https://www.advfn.com/stock-market/NASDAQ/VIRC/stock-price
VORB,Virgin Orbit Holdings Inc ,VORB,https://www.advfn.com/stock-market/NASDAQ/VORB/stock-price
VORBW,Virgin Orbit Holdings Inc ,VORBW,https://www.advfn.com/stock-market/NASDAQ/VORBW/stock-price
VABK,Virginia National Bankshares Corporation ,VABK,https://www.advfn.com/stock-market/NASDAQ/VABK/stock-price
VRDN,Viridian Therapeutics Inc ,VRDN,https://www.advfn.com/stock-market/NASDAQ/VRDN/stock-price
VIRI,Virios Therapeutics Inc ,VIRI,https://www.advfn.com/stock-market/NASDAQ/VIRI/stock-price
VRPX,Virpax Pharmaceuticals Inc ,VRPX,https://www.advfn.com/stock-market/NASDAQ/VRPX/stock-price
VTSI,Virtra Inc ,VTSI,https://www.advfn.com/stock-market/NASDAQ/VTSI/stock-price
VIRT,Virtu Financial Inc ,VIRT,https://www.advfn.com/stock-market/NASDAQ/VIRT/stock-price
VRTS,Virtus Investment Partners Inc ,VRTS,https://www.advfn.com/stock-market/NASDAQ/VRTS/stock-price
VBOCW,Viscogliosi Brothers Acquisition Corporation ,VBOCW,https://www.advfn.com/stock-market/NASDAQ/VBOCW/stock-price
VBOC,Viscogliosi Brothers Acquisition Corporation ,VBOC,https://www.advfn.com/stock-market/NASDAQ/VBOC/stock-price
VBOCU,Viscogliosi Brothers Acquisition Corporation ,VBOCU,https://www.advfn.com/stock-market/NASDAQ/VBOCU/stock-price
VMAR,Vision Marine Technologies Inc ,VMAR,https://www.advfn.com/stock-market/NASDAQ/VMAR/stock-price
VSACU,Vision Sensing Acquisition Corporation ,VSACU,https://www.advfn.com/stock-market/NASDAQ/VSACU/stock-price
VSAC,Vision Sensing Acquisition Corporation ,VSAC,https://www.advfn.com/stock-market/NASDAQ/VSAC/stock-price
VSACW,Vision Sensing Acquisition Corporation ,VSACW,https://www.advfn.com/stock-market/NASDAQ/VSACW/stock-price
GV,Visionary Education Technology Holdings Group Inc ,GV,https://www.advfn.com/stock-market/NASDAQ/GV/stock-price
VEDU,Visionary Education Technology Holdings Group Inc ,VEDU,https://www.advfn.com/stock-market/NASDAQ/VEDU/stock-price
VISL,Vislink Technologies Inc ,VISL,https://www.advfn.com/stock-market/NASDAQ/VISL/stock-price
VTGN,VistaGen Therapeutics Inc ,VTGN,https://www.advfn.com/stock-market/NASDAQ/VTGN/stock-price
VC,Visteon Corporation ,VC,https://www.advfn.com/stock-market/NASDAQ/VC/stock-price
COCO,Vita Coco Company Inc ,COCO,https://www.advfn.com/stock-market/NASDAQ/COCO/stock-price
VITL,Vital Farms Inc ,VITL,https://www.advfn.com/stock-market/NASDAQ/VITL/stock-price
VTRU,Vitru Ltd ,VTRU,https://www.advfn.com/stock-market/NASDAQ/VTRU/stock-price
VIVK,Vivakor Inc ,VIVK,https://www.advfn.com/stock-market/NASDAQ/VIVK/stock-price
VANI,Vivani Medical Inc ,VANI,https://www.advfn.com/stock-market/NASDAQ/VANI/stock-price
SEAT,Vivid Seats Inc ,SEAT,https://www.advfn.com/stock-market/NASDAQ/SEAT/stock-price
SEATW,Vivid Seats Inc ,SEATW,https://www.advfn.com/stock-market/NASDAQ/SEATW/stock-price
VVPR,VivoPower International PLC ,VVPR,https://www.advfn.com/stock-market/NASDAQ/VVPR/stock-price
VVOS,Vivos Therapeutics Inc ,VVOS,https://www.advfn.com/stock-market/NASDAQ/VVOS/stock-price
VMGA,VMG Consumer Acquisition Corporation ,VMGA,https://www.advfn.com/stock-market/NASDAQ/VMGA/stock-price
VMGAU,VMG Consumer Acquisition Corporation ,VMGAU,https://www.advfn.com/stock-market/NASDAQ/VMGAU/stock-price
VMGAW,VMG Consumer Acquisition Corporation ,VMGAW,https://www.advfn.com/stock-market/NASDAQ/VMGAW/stock-price
VNET,VNET Group Inc ,VNET,https://www.advfn.com/stock-market/NASDAQ/VNET/stock-price
VOD,Vodafone Group PLC ,VOD,https://www.advfn.com/stock-market/NASDAQ/VOD/stock-price
VLCN,Volcon Inc ,VLCN,https://www.advfn.com/stock-market/NASDAQ/VLCN/stock-price
VOR,Vor Biopharma Inc ,VOR,https://www.advfn.com/stock-market/NASDAQ/VOR/stock-price
VOXR,Vox Royalty Corporation ,VOXR,https://www.advfn.com/stock-market/NASDAQ/VOXR/stock-price
VJET,Voxeljet AG ,VJET,https://www.advfn.com/stock-market/NASDAQ/VJET/stock-price
VOXX,VOXX International Corporation ,VOXX,https://www.advfn.com/stock-market/NASDAQ/VOXX/stock-price
VYGR,Voyager Therapeutics Inc ,VYGR,https://www.advfn.com/stock-market/NASDAQ/VYGR/stock-price
VPCB,VPC Impact Acquisition Holdings II ,VPCB,https://www.advfn.com/stock-market/NASDAQ/VPCB/stock-price
VPCBW,VPC Impact Acquisition Holdings II ,VPCBW,https://www.advfn.com/stock-market/NASDAQ/VPCBW/stock-price
VPCBU,VPC Impact Acquisition Holdings II ,VPCBU,https://www.advfn.com/stock-market/NASDAQ/VPCBU/stock-price
VRM,Vroom Inc ,VRM,https://www.advfn.com/stock-market/NASDAQ/VRM/stock-price
VSME,VS Media Holdings Ltd ,VSME,https://www.advfn.com/stock-market/NASDAQ/VSME/stock-price
VSEC,VSE Corporation ,VSEC,https://www.advfn.com/stock-market/NASDAQ/VSEC/stock-price
VUZI,Vuzix Corporation ,VUZI,https://www.advfn.com/stock-market/NASDAQ/VUZI/stock-price
VYNT,Vyant Bio Inc ,VYNT,https://www.advfn.com/stock-market/NASDAQ/VYNT/stock-price
VYNE,VYNE Therapeutics Inc ,VYNE,https://www.advfn.com/stock-market/NASDAQ/VYNE/stock-price
WAFDP,WaFd Inc ,WAFDP,https://www.advfn.com/stock-market/NASDAQ/WAFDP/stock-price
WAFD,WaFd Inc ,WAFD,https://www.advfn.com/stock-market/NASDAQ/WAFD/stock-price
PETWW,Wag Group Company ,PETWW,https://www.advfn.com/stock-market/NASDAQ/PETWW/stock-price
PET,Wag Group Company ,PET,https://www.advfn.com/stock-market/NASDAQ/PET/stock-price
WAFU,Wah Fu Education Group Ltd ,WAFU,https://www.advfn.com/stock-market/NASDAQ/WAFU/stock-price
ASAP,Waitr Holdings Inc ,ASAP,https://www.advfn.com/stock-market/NASDAQ/ASAP/stock-price
WALD,Waldencast PLC ,WALD,https://www.advfn.com/stock-market/NASDAQ/WALD/stock-price
WALDW,Waldencast PLC ,WALDW,https://www.advfn.com/stock-market/NASDAQ/WALDW/stock-price
WBA,Walgreens Boots Alliance Inc ,WBA,https://www.advfn.com/stock-market/NASDAQ/WBA/stock-price
WKME,WalkMe Ltd ,WKME,https://www.advfn.com/stock-market/NASDAQ/WKME/stock-price
WLGS,Wang and Lee Group Inc ,WLGS,https://www.advfn.com/stock-market/NASDAQ/WLGS/stock-price
WBD,Warner Brothers Discovery Inc ,WBD,https://www.advfn.com/stock-market/NASDAQ/WBD/stock-price
WMG,Warner Music Group Corporation ,WMG,https://www.advfn.com/stock-market/NASDAQ/WMG/stock-price
WRNT,Warrantee Inc ,WRNT,https://www.advfn.com/stock-market/NASDAQ/WRNT/stock-price
WASH,Washington Trust Bancorp Inc ,WASH,https://www.advfn.com/stock-market/NASDAQ/WASH/stock-price
WSBF,Waterstone Financial Inc ,WSBF,https://www.advfn.com/stock-market/NASDAQ/WSBF/stock-price
WVE,Wave Life Sciences Ltd ,WVE,https://www.advfn.com/stock-market/NASDAQ/WVE/stock-price
WAVD,WaveDancer Inc ,WAVD,https://www.advfn.com/stock-market/NASDAQ/WAVD/stock-price
WDFC,WD 40 Company ,WDFC,https://www.advfn.com/stock-market/NASDAQ/WDFC/stock-price
WLDSW,Wearable Devices Ltd ,WLDSW,https://www.advfn.com/stock-market/NASDAQ/WLDSW/stock-price
WLDS,Wearable Devices Ltd ,WLDS,https://www.advfn.com/stock-market/NASDAQ/WLDS/stock-price
WFRD,Weatherford International PLC ,WFRD,https://www.advfn.com/stock-market/NASDAQ/WFRD/stock-price
WBUY,WeBuy Global Ltd ,WBUY,https://www.advfn.com/stock-market/NASDAQ/WBUY/stock-price
WB,Weibo Corporation ,WB,https://www.advfn.com/stock-market/NASDAQ/WB/stock-price
WEJO,Wejo Group Ltd ,WEJO,https://www.advfn.com/stock-market/NASDAQ/WEJO/stock-price
WEJOW,Wejo Group Ltd ,WEJOW,https://www.advfn.com/stock-market/NASDAQ/WEJOW/stock-price
WTMA,Welsbach Technology Metals Acquisition Corporation ,WTMA,https://www.advfn.com/stock-market/NASDAQ/WTMA/stock-price
WTMAU,Welsbach Technology Metals Acquisition Corporation ,WTMAU,https://www.advfn.com/stock-market/NASDAQ/WTMAU/stock-price
WTMAR,Welsbach Technology Metals Acquisition Corporation ,WTMAR,https://www.advfn.com/stock-market/NASDAQ/WTMAR/stock-price
WEN,Wendys Company ,WEN,https://www.advfn.com/stock-market/NASDAQ/WEN/stock-price
HOWL,Werewolf Therapeutics Inc ,HOWL,https://www.advfn.com/stock-market/NASDAQ/HOWL/stock-price
WERN,Werner Enterprises Inc ,WERN,https://www.advfn.com/stock-market/NASDAQ/WERN/stock-price
WSBCP,WesBanco Inc ,WSBCP,https://www.advfn.com/stock-market/NASDAQ/WSBCP/stock-price
WSBC,WesBanco Inc ,WSBC,https://www.advfn.com/stock-market/NASDAQ/WSBC/stock-price
WTBA,West Bancorporation ,WTBA,https://www.advfn.com/stock-market/NASDAQ/WTBA/stock-price
WABC,Westamerica Bancorporation ,WABC,https://www.advfn.com/stock-market/NASDAQ/WABC/stock-price
WAVS,Western Acquisition Ventures Corporation ,WAVS,https://www.advfn.com/stock-market/NASDAQ/WAVS/stock-price
WAVSW,Western Acquisition Ventures Corporation ,WAVSW,https://www.advfn.com/stock-market/NASDAQ/WAVSW/stock-price
WAVSU,Western Acquisition Ventures Corporation ,WAVSU,https://www.advfn.com/stock-market/NASDAQ/WAVSU/stock-price
WDC,Western Digital Corporation ,WDC,https://www.advfn.com/stock-market/NASDAQ/WDC/stock-price
WNEB,Western New England Bancorp Inc ,WNEB,https://www.advfn.com/stock-market/NASDAQ/WNEB/stock-price
WPRT,Westport Fuel Systems Inc ,WPRT,https://www.advfn.com/stock-market/NASDAQ/WPRT/stock-price
WESTW,Westrock Coffee Company ,WESTW,https://www.advfn.com/stock-market/NASDAQ/WESTW/stock-price
WEST,Westrock Coffee Company ,WEST,https://www.advfn.com/stock-market/NASDAQ/WEST/stock-price
WETG,WeTrade Group Inc ,WETG,https://www.advfn.com/stock-market/NASDAQ/WETG/stock-price
WEYS,Weyco Group Inc ,WEYS,https://www.advfn.com/stock-market/NASDAQ/WEYS/stock-price
WHLR,Wheeler Real Estate Investment Trust Inc ,WHLR,https://www.advfn.com/stock-market/NASDAQ/WHLR/stock-price
WHLRL,Wheeler Real Estate Investment Trust Inc ,WHLRL,https://www.advfn.com/stock-market/NASDAQ/WHLRL/stock-price
WHLRP,Wheeler Real Estate Investment Trust Inc ,WHLRP,https://www.advfn.com/stock-market/NASDAQ/WHLRP/stock-price
WHLRD,Wheeler Real Estate Investment Trust Inc ,WHLRD,https://www.advfn.com/stock-market/NASDAQ/WHLRD/stock-price
WFCF,Where Food Comes From Inc ,WFCF,https://www.advfn.com/stock-market/NASDAQ/WFCF/stock-price
WHF,WhiteHorse Finance Inc ,WHF,https://www.advfn.com/stock-market/NASDAQ/WHF/stock-price
WHFCL,WhiteHouse Finance Inc ,WHFCL,https://www.advfn.com/stock-market/NASDAQ/WHFCL/stock-price
FREEW,Whole Earth Brands Inc ,FREEW,https://www.advfn.com/stock-market/NASDAQ/FREEW/stock-price
FREE,Whole Earth Brands Inc ,FREE,https://www.advfn.com/stock-market/NASDAQ/FREE/stock-price
WHLM,Wilhelmina International Inc ,WHLM,https://www.advfn.com/stock-market/NASDAQ/WHLM/stock-price
WVVIP,Willamette Valley Vineyards Inc ,WVVIP,https://www.advfn.com/stock-market/NASDAQ/WVVIP/stock-price
WVVI,Willamette Valley Vineyards Inc ,WVVI,https://www.advfn.com/stock-market/NASDAQ/WVVI/stock-price
WLDN,Willdan Group Inc ,WLDN,https://www.advfn.com/stock-market/NASDAQ/WLDN/stock-price
WMPN,William Penn Bancorp Inc ,WMPN,https://www.advfn.com/stock-market/NASDAQ/WMPN/stock-price
WLFC,Willis Lease Finance Corporation ,WLFC,https://www.advfn.com/stock-market/NASDAQ/WLFC/stock-price
WTW,Willis Towers Watson Public Ltd Company ,WTW,https://www.advfn.com/stock-market/NASDAQ/WTW/stock-price
WSC,WillScot Mobile Mini Holdings Corp ,WSC,https://www.advfn.com/stock-market/NASDAQ/WSC/stock-price
WIMI,WiMi Hologram Cloud Inc ,WIMI,https://www.advfn.com/stock-market/NASDAQ/WIMI/stock-price
WINT,Windtree Therapeutics Inc ,WINT,https://www.advfn.com/stock-market/NASDAQ/WINT/stock-price
WING,Wingstop Inc ,WING,https://www.advfn.com/stock-market/NASDAQ/WING/stock-price
WINA,Winmark Corporation ,WINA,https://www.advfn.com/stock-market/NASDAQ/WINA/stock-price
WTFCP,Wintrust Financial Corporation ,WTFCP,https://www.advfn.com/stock-market/NASDAQ/WTFCP/stock-price
WTFC,Wintrust Financial Corporation ,WTFC,https://www.advfn.com/stock-market/NASDAQ/WTFC/stock-price
WTFCM,Wintrust Financial Corporation ,WTFCM,https://www.advfn.com/stock-market/NASDAQ/WTFCM/stock-price
WINVU,WinVest Acquisition Corporation ,WINVU,https://www.advfn.com/stock-market/NASDAQ/WINVU/stock-price
WINVR,WinVest Acquisition Corporation ,WINVR,https://www.advfn.com/stock-market/NASDAQ/WINVR/stock-price
WINVW,WinVest Acquisition Corporation ,WINVW,https://www.advfn.com/stock-market/NASDAQ/WINVW/stock-price
WINV,WinVest Acquisition Corporation ,WINV,https://www.advfn.com/stock-market/NASDAQ/WINV/stock-price
WISA,WiSA Technologies Inc ,WISA,https://www.advfn.com/stock-market/NASDAQ/WISA/stock-price
WKEY,WISeKey International Holdings AG ,WKEY,https://www.advfn.com/stock-market/NASDAQ/WKEY/stock-price
WKEYV,WISeKey International Holdings AG ,WKEYV,https://www.advfn.com/stock-market/NASDAQ/WKEYV/stock-price
WIX,Wix com Ltd ,WIX,https://www.advfn.com/stock-market/NASDAQ/WIX/stock-price
MAPSW,WM Technology Inc ,MAPSW,https://www.advfn.com/stock-market/NASDAQ/MAPSW/stock-price
MAPS,WM Technology Inc ,MAPS,https://www.advfn.com/stock-market/NASDAQ/MAPS/stock-price
WWD,Woodward Inc ,WWD,https://www.advfn.com/stock-market/NASDAQ/WWD/stock-price
WDAY,Workday Inc ,WDAY,https://www.advfn.com/stock-market/NASDAQ/WDAY/stock-price
WKHS,Workhorse Group Inc ,WKHS,https://www.advfn.com/stock-market/NASDAQ/WKHS/stock-price
WKSP,Worksport Ltd ,WKSP,https://www.advfn.com/stock-market/NASDAQ/WKSP/stock-price
WKSPW,Worksport Ltd ,WKSPW,https://www.advfn.com/stock-market/NASDAQ/WKSPW/stock-price
WRLD,World Acceptance Corp ,WRLD,https://www.advfn.com/stock-market/NASDAQ/WRLD/stock-price
WWACW,Worldwide Webb Acquisition Corporation ,WWACW,https://www.advfn.com/stock-market/NASDAQ/WWACW/stock-price
WWACU,Worldwide Webb Acquisition Corporation ,WWACU,https://www.advfn.com/stock-market/NASDAQ/WWACU/stock-price
WWAC,Worldwide Webb Acquisition Corporation ,WWAC,https://www.advfn.com/stock-market/NASDAQ/WWAC/stock-price
WRAP,Wrap Technologies Inc ,WRAP,https://www.advfn.com/stock-market/NASDAQ/WRAP/stock-price
WSFS,WSFS Financial Corporation ,WSFS,https://www.advfn.com/stock-market/NASDAQ/WSFS/stock-price
WW,WW International Inc ,WW,https://www.advfn.com/stock-market/NASDAQ/WW/stock-price
WYNN,Wynn Resorts Ltd ,WYNN,https://www.advfn.com/stock-market/NASDAQ/WYNN/stock-price
XFOR,X4 Pharmaceuticals Inc ,XFOR,https://www.advfn.com/stock-market/NASDAQ/XFOR/stock-price
XBIT,XBiotech Inc ,XBIT,https://www.advfn.com/stock-market/NASDAQ/XBIT/stock-price
XBPEW,XBP Europe Holdings Inc ,XBPEW,https://www.advfn.com/stock-market/NASDAQ/XBPEW/stock-price
XBP,XBP Europe Holdings Inc ,XBP,https://www.advfn.com/stock-market/NASDAQ/XBP/stock-price
XELB,Xcel Brands Inc ,XELB,https://www.advfn.com/stock-market/NASDAQ/XELB/stock-price
XEL,Xcel Energy Inc ,XEL,https://www.advfn.com/stock-market/NASDAQ/XEL/stock-price
XNCR,Xencor Inc ,XNCR,https://www.advfn.com/stock-market/NASDAQ/XNCR/stock-price
XBIOW,Xenetic Biosciences Inc ,XBIOW,https://www.advfn.com/stock-market/NASDAQ/XBIOW/stock-price
XBIO,Xenetic Biosciences Inc ,XBIO,https://www.advfn.com/stock-market/NASDAQ/XBIO/stock-price
XENE,Xenon Pharmaceuticals Inc ,XENE,https://www.advfn.com/stock-market/NASDAQ/XENE/stock-price
XERS,Xeris Biopharma Holdings Inc ,XERS,https://www.advfn.com/stock-market/NASDAQ/XERS/stock-price
XRX,Xerox Holdings Corporation ,XRX,https://www.advfn.com/stock-market/NASDAQ/XRX/stock-price
AIXI,XIAO I Corporation ,AIXI,https://www.advfn.com/stock-market/NASDAQ/AIXI/stock-price
XLO,Xilio Therapeutics Inc ,XLO,https://www.advfn.com/stock-market/NASDAQ/XLO/stock-price
XOMAO,XOMA Corporation ,XOMAO,https://www.advfn.com/stock-market/NASDAQ/XOMAO/stock-price
XOMAP,XOMA Corporation ,XOMAP,https://www.advfn.com/stock-market/NASDAQ/XOMAP/stock-price
XOMA,XOMA Corporation ,XOMA,https://www.advfn.com/stock-market/NASDAQ/XOMA/stock-price
XMTR,Xometry Inc ,XMTR,https://www.advfn.com/stock-market/NASDAQ/XMTR/stock-price
XRTX,XORTX Therapeutics Inc ,XRTX,https://www.advfn.com/stock-market/NASDAQ/XRTX/stock-price
XOSWW,Xos Inc ,XOSWW,https://www.advfn.com/stock-market/NASDAQ/XOSWW/stock-price
XOS,Xos Inc ,XOS,https://www.advfn.com/stock-market/NASDAQ/XOS/stock-price
XPVVV,XP Inc ,XPVVV,https://www.advfn.com/stock-market/NASDAQ/XPVVV/stock-price
XP,XP Inc ,XP,https://www.advfn.com/stock-market/NASDAQ/XP/stock-price
XPAX,XPAC Acquisition Corporation ,XPAX,https://www.advfn.com/stock-market/NASDAQ/XPAX/stock-price
XPAXU,XPAC Acquisition Corporation ,XPAXU,https://www.advfn.com/stock-market/NASDAQ/XPAXU/stock-price
XPAXW,XPAC Acquisition Corporation ,XPAXW,https://www.advfn.com/stock-market/NASDAQ/XPAXW/stock-price
XPEL,XPEL Inc ,XPEL,https://www.advfn.com/stock-market/NASDAQ/XPEL/stock-price
XTLB,XTL Biopharmaceuticals Ltd ,XTLB,https://www.advfn.com/stock-market/NASDAQ/XTLB/stock-price
XNET,Xunlei Ltd ,XNET,https://www.advfn.com/stock-market/NASDAQ/XNET/stock-price
XWEL,XWELL Inc ,XWEL,https://www.advfn.com/stock-market/NASDAQ/XWEL/stock-price
YMAB,Y mAbs Therapeutics Inc ,YMAB,https://www.advfn.com/stock-market/NASDAQ/YMAB/stock-price
YNDX,Yandex NV ,YNDX,https://www.advfn.com/stock-market/NASDAQ/YNDX/stock-price
YGF,YanGuFang International Group Company Ltd ,YGF,https://www.advfn.com/stock-market/NASDAQ/YGF/stock-price
YTRA,Yatra Online Inc ,YTRA,https://www.advfn.com/stock-market/NASDAQ/YTRA/stock-price
YELL,Yellow Corporation ,YELL,https://www.advfn.com/stock-market/NASDAQ/YELL/stock-price
YTEN,Yield10 Bioscience Inc ,YTEN,https://www.advfn.com/stock-market/NASDAQ/YTEN/stock-price
YORW,York Water Company ,YORW,https://www.advfn.com/stock-market/NASDAQ/YORW/stock-price
YOSH,Yoshiharu Global Company ,YOSH,https://www.advfn.com/stock-market/NASDAQ/YOSH/stock-price
TKLF,Yoshitsu Company Ltd ,TKLF,https://www.advfn.com/stock-market/NASDAQ/TKLF/stock-price
YOTAW,Yotta Acquisition Corporation ,YOTAW,https://www.advfn.com/stock-market/NASDAQ/YOTAW/stock-price
YOTAR,Yotta Acquisition Corporation ,YOTAR,https://www.advfn.com/stock-market/NASDAQ/YOTAR/stock-price
YOTAU,Yotta Acquisition Corporation ,YOTAU,https://www.advfn.com/stock-market/NASDAQ/YOTAU/stock-price
YOTA,Yotta Acquisition Corporation ,YOTA,https://www.advfn.com/stock-market/NASDAQ/YOTA/stock-price
YSBPW,YS Biopharma Company Ltd ,YSBPW,https://www.advfn.com/stock-market/NASDAQ/YSBPW/stock-price
YS,YS Biopharma Company Ltd ,YS,https://www.advfn.com/stock-market/NASDAQ/YS/stock-price
CTIB,Yunhong CTI Ltd ,CTIB,https://www.advfn.com/stock-market/NASDAQ/CTIB/stock-price
YHGJ,Yunhong CTI Ltd ,YHGJ,https://www.advfn.com/stock-market/NASDAQ/YHGJ/stock-price
YJ,Yunji Inc ,YJ,https://www.advfn.com/stock-market/NASDAQ/YJ/stock-price
ZLAB,Zai Lab Ltd ,ZLAB,https://www.advfn.com/stock-market/NASDAQ/ZLAB/stock-price
ZLSWW,Zalatoris II Acquisition Corp ,ZLSWW,https://www.advfn.com/stock-market/NASDAQ/ZLSWW/stock-price
ZLSWU,Zalatoris II Acquisition Corp ,ZLSWU,https://www.advfn.com/stock-market/NASDAQ/ZLSWU/stock-price
ZLS,Zalatoris II Acquisition Corp ,ZLS,https://www.advfn.com/stock-market/NASDAQ/ZLS/stock-price
ZAPP,Zapp Electric Vehicles Group Ltd ,ZAPP,https://www.advfn.com/stock-market/NASDAQ/ZAPP/stock-price
ZAPPW,Zapp Electric Vehicles Group Ltd ,ZAPPW,https://www.advfn.com/stock-market/NASDAQ/ZAPPW/stock-price
ZBRA,Zebra Technologies Corp ,ZBRA,https://www.advfn.com/stock-market/NASDAQ/ZBRA/stock-price
ZNTL,Zentalis Pharmaceuticals Inc ,ZNTL,https://www.advfn.com/stock-market/NASDAQ/ZNTL/stock-price
ZTEK,Zentek Ltd ,ZTEK,https://www.advfn.com/stock-market/NASDAQ/ZTEK/stock-price
ZENV,Zenvia Inc ,ZENV,https://www.advfn.com/stock-market/NASDAQ/ZENV/stock-price
ZFOXW,ZeroFox Holdings Inc ,ZFOXW,https://www.advfn.com/stock-market/NASDAQ/ZFOXW/stock-price
ZFOX,ZeroFox Holdings Inc ,ZFOX,https://www.advfn.com/stock-market/NASDAQ/ZFOX/stock-price
ZVRA,Zevra Therapeutics Inc ,ZVRA,https://www.advfn.com/stock-market/NASDAQ/ZVRA/stock-price
ZCMD,Zhongchao Inc ,ZCMD,https://www.advfn.com/stock-market/NASDAQ/ZCMD/stock-price
ZD,Ziff Davis Inc ,ZD,https://www.advfn.com/stock-market/NASDAQ/ZD/stock-price
ZG,Zillow Group Inc ,ZG,https://www.advfn.com/stock-market/NASDAQ/ZG/stock-price
Z,Zillow Group Inc ,Z,https://www.advfn.com/stock-market/NASDAQ/Z/stock-price
ZT,Zimmer Energy Transition Acquisition Corp ,ZT,https://www.advfn.com/stock-market/NASDAQ/ZT/stock-price
ZTAQW,Zimmer Energy Transition Acquisition Corporation ,ZTAQW,https://www.advfn.com/stock-market/NASDAQ/ZTAQW/stock-price
ZTAQU,Zimmer Energy Transition Acquisition Corporation ,ZTAQU,https://www.advfn.com/stock-market/NASDAQ/ZTAQU/stock-price
ZIMV,ZimVie Inc ,ZIMV,https://www.advfn.com/stock-market/NASDAQ/ZIMV/stock-price
ZION,Zions Bancorporation NA ,ZION,https://www.advfn.com/stock-market/NASDAQ/ZION/stock-price
ZIONL,Zions Bancorporation NA ,ZIONL,https://www.advfn.com/stock-market/NASDAQ/ZIONL/stock-price
ZIONO,Zions Bancorporation NA ,ZIONO,https://www.advfn.com/stock-market/NASDAQ/ZIONO/stock-price
ZIONP,Zions Bancorporation NA ,ZIONP,https://www.advfn.com/stock-market/NASDAQ/ZIONP/stock-price
ZIVO,Zivo Bioscience Inc ,ZIVO,https://www.advfn.com/stock-market/NASDAQ/ZIVO/stock-price
ZIVOW,Zivo Bioscience Inc ,ZIVOW,https://www.advfn.com/stock-market/NASDAQ/ZIVOW/stock-price
ZKIN,ZK International Group Co Ltd ,ZKIN,https://www.advfn.com/stock-market/NASDAQ/ZKIN/stock-price
ZM,Zoom Video Communications Inc ,ZM,https://www.advfn.com/stock-market/NASDAQ/ZM/stock-price
ZI,ZoomInfo Technologies Inc ,ZI,https://www.advfn.com/stock-market/NASDAQ/ZI/stock-price
ZS,Zscaler Inc ,ZS,https://www.advfn.com/stock-market/NASDAQ/ZS/stock-price
ZUMZ,Zumiez Inc ,ZUMZ,https://www.advfn.com/stock-market/NASDAQ/ZUMZ/stock-price
ZURAW,Zura Bio Ltd ,ZURAW,https://www.advfn.com/stock-market/NASDAQ/ZURAW/stock-price
ZURA,Zura Bio Ltd ,ZURA,https://www.advfn.com/stock-market/NASDAQ/ZURA/stock-price
CNET,ZW Data Action Technologies Inc ,CNET,https://www.advfn.com/stock-market/NASDAQ/CNET/stock-price
ZYME,Zymeworks Inc ,ZYME,https://www.advfn.com/stock-market/NASDAQ/ZYME/stock-price
ZYNE,Zynerba Pharmaceuticals Inc ,ZYNE,https://www.advfn.com/stock-market/NASDAQ/ZYNE/stock-price
ZYXI,Zynex Inc ,ZYXI,https://www.advfn.com/stock-market/NASDAQ/ZYXI/stock-price
ZVSA,ZyVersa Therapeutics Inc ,ZVSA,https://www.advfn.com/stock-market/NASDAQ/ZVSA/stock-price
FLWS,1 800 Flowers Com ,FLWS,https://www.advfn.com/stock-market/NASDAQ/FLWS/stock-price
VCXA,10X Capital Venture Acquisition Corporation II ,VCXA,https://www.advfn.com/stock-market/NASDAQ/VCXA/stock-price
VCXAU,10X Capital Venture Acquisition Corporation II ,VCXAU,https://www.advfn.com/stock-market/NASDAQ/VCXAU/stock-price
VCXAW,10X Capital Venture Acquisition Corporation II ,VCXAW,https://www.advfn.com/stock-market/NASDAQ/VCXAW/stock-price
TXG,10x Genomics Inc ,TXG,https://www.advfn.com/stock-market/NASDAQ/TXG/stock-price
YI,111 Inc ,YI,https://www.advfn.com/stock-market/NASDAQ/YI/stock-price
YQ,17 Education and Technology Group Inc ,YQ,https://www.advfn.com/stock-market/NASDAQ/YQ/stock-price
TURN,180 Degree Capital Corporation ,TURN,https://www.advfn.com/stock-market/NASDAQ/TURN/stock-price
ATNF,180 Life Sciences Corporation ,ATNF,https://www.advfn.com/stock-market/NASDAQ/ATNF/stock-price
ATNFW,180 Life Sciences Corporation ,ATNFW,https://www.advfn.com/stock-market/NASDAQ/ATNFW/stock-price
BCOW,1895 Bancorp of Wisconsin Inc ,BCOW,https://www.advfn.com/stock-market/NASDAQ/BCOW/stock-price
ONEM,1Life Healthcare Inc ,ONEM,https://www.advfn.com/stock-market/NASDAQ/ONEM/stock-price
SRCE,1st Source Corporation ,SRCE,https://www.advfn.com/stock-market/NASDAQ/SRCE/stock-price
DIBS,1stdibs com Inc ,DIBS,https://www.advfn.com/stock-market/NASDAQ/DIBS/stock-price
XXII,22nd Century Group Inc ,XXII,https://www.advfn.com/stock-market/NASDAQ/XXII/stock-price
ME,23andMe Holding Company ,ME,https://www.advfn.com/stock-market/NASDAQ/ME/stock-price
ADERW,26 Capital Acquisition Corporation ,ADERW,https://www.advfn.com/stock-market/NASDAQ/ADERW/stock-price
ADER,26 Capital Acquisition Corporation ,ADER,https://www.advfn.com/stock-market/NASDAQ/ADER/stock-price
ADERU,26 Capital Acquisition Corporation ,ADERU,https://www.advfn.com/stock-market/NASDAQ/ADERU/stock-price
TSVT,2seventy bio Inc ,TSVT,https://www.advfn.com/stock-market/NASDAQ/TSVT/stock-price
TWOU,2U Inc ,TWOU,https://www.advfn.com/stock-market/NASDAQ/TWOU/stock-price
KRKR,36Kr Holdings Inc ,KRKR,https://www.advfn.com/stock-market/NASDAQ/KRKR/stock-price
SCWO,374Water Inc ,SCWO,https://www.advfn.com/stock-market/NASDAQ/SCWO/stock-price
FDMT,4D Molecular Therapeutics Inc ,FDMT,https://www.advfn.com/stock-market/NASDAQ/FDMT/stock-price
FEAM,5E Advanced Materials Inc ,FEAM,https://www.advfn.com/stock-market/NASDAQ/FEAM/stock-price
SXTPW,60 Degrees Pharmaceuticals Inc ,SXTPW,https://www.advfn.com/stock-market/NASDAQ/SXTPW/stock-price
SXTP,60 Degrees Pharmaceuticals Inc ,SXTP,https://www.advfn.com/stock-market/NASDAQ/SXTP/stock-price
SVNAU,7 Acquisition Corporation ,SVNAU,https://www.advfn.com/stock-market/NASDAQ/SVNAU/stock-price
SVNAW,7 Acquisition Corporation ,SVNAW,https://www.advfn.com/stock-market/NASDAQ/SVNAW/stock-price
SVNA,7 Acquisition Corporation ,SVNA,https://www.advfn.com/stock-market/NASDAQ/SVNA/stock-price
VIIAU,7GC and Company Holdings Inc ,VIIAU,https://www.advfn.com/stock-market/NASDAQ/VIIAU/stock-price
VIIAW,7GC and Company Holdings Inc ,VIIAW,https://www.advfn.com/stock-market/NASDAQ/VIIAW/stock-price
VII,7GC and Company Holdings Inc ,VII,https://www.advfn.com/stock-market/NASDAQ/VII/stock-price
ETNB,89bio Inc ,ETNB,https://www.advfn.com/stock-market/NASDAQ/ETNB/stock-price
EGHT,8x8 Inc ,EGHT,https://www.advfn.com/stock-market/NASDAQ/EGHT/stock-price
NMTR,9 Meters Biopharma Inc ,NMTR,https://www.advfn.com/stock-market/NASDAQ/NMTR/stock-price
MASS,908 Devices Inc ,MASS,https://www.advfn.com/stock-market/NASDAQ/MASS/stock-price
NNAGW,99 Acquisition Group Inc ,NNAGW,https://www.advfn.com/stock-market/NASDAQ/NNAGW/stock-price
NNAG,99 Acquisition Group Inc ,NNAG,https://www.advfn.com/stock-market/NASDAQ/NNAG/stock-price
NNAGR,99 Acquisition Group Inc ,NNAGR,https://www.advfn.com/stock-market/NASDAQ/NNAGR/stock-price
NNAGU,99 Acquisition Group Inc ,NNAGU,https://www.advfn.com/stock-market/NASDAQ/NNAGU/stock-price
JFU,9F Inc ,JFU,https://www.advfn.com/stock-market/NASDAQ/JFU/stock-price
